timestamp,nf_type,nf_id,registration_attempts,registration_successes,pdu_session_attempts,pdu_session_successes,session_releases,n3_dl_packets,n3_ul_packets,n3_dl_drop,n3_ul_drop,cpu_percent,memory_percent
2026-03-24T08:00:00Z,AMF,amf-01,5543.0,5466.0,,,,,,,,37.15,45.31
2026-03-24T08:15:00Z,AMF,amf-01,5166.0,5068.0,,,,,,,,37.08,49.14
2026-03-24T08:30:00Z,AMF,amf-01,4574.0,4516.0,,,,,,,,36.9,47.99
2026-03-24T08:00:00Z,AMF,amf-02,6354.0,6192.0,,,,,,,,53.17,44.23
2026-03-24T08:15:00Z,AMF,amf-02,4867.0,4790.0,,,,,,,,58.01,45.45
2026-03-24T08:30:00Z,AMF,amf-02,4520.0,4413.0,,,,,,,,58.59,41.75
2026-03-24T08:00:00Z,SMF,smf-01,,,6810.0,6607.0,132.0,,,,,63.11,46.82
2026-03-24T08:15:00Z,SMF,smf-01,,,5060.0,4889.0,384.0,,,,,67.83,54.36
2026-03-24T08:30:00Z,SMF,smf-01,,,6065.0,5886.0,159.0,,,,,60.46,52.14
2026-03-24T08:00:00Z,SMF,smf-02,,,6241.0,6039.0,193.0,,,,,79.94,47.09
2026-03-24T08:15:00Z,SMF,smf-02,,,6960.0,6856.0,270.0,,,,,80.33,50.1
2026-03-24T08:30:00Z,SMF,smf-02,,,7551.0,7446.0,131.0,,,,,78.27,45.52
2026-03-24T08:00:00Z,UPF,upf-01,,,,,,11989875.0,8086908.0,110.0,254.0,44.09,63.44
2026-03-24T08:15:00Z,UPF,upf-01,,,,,,12779114.0,7691031.0,689.0,472.0,39.56,68.18
2026-03-24T08:30:00Z,UPF,upf-01,,,,,,13627926.0,8722627.0,111.0,416.0,46.73,64.27
2026-03-24T08:00:00Z,UPF,upf-02,,,,,,13469825.0,10142456.0,834.0,141.0,55.66,56.12
2026-03-24T08:15:00Z,UPF,upf-02,,,,,,10743818.0,7190404.0,602.0,56.0,51.0,57.26
2026-03-24T08:30:00Z,UPF,upf-02,,,,,,10280348.0,6830082.0,609.0,164.0,51.15,55.25
2026-03-24T08:30:00Z,AMF,amf-01,5621.0,5511.0,,,,,,,,59.46,58.22
2026-03-24T08:45:00Z,AMF,amf-01,4779.0,4739.0,,,,,,,,57.59,60.72
2026-03-24T09:00:00Z,AMF,amf-01,5462.0,5327.0,,,,,,,,54.22,54.12
2026-03-24T08:30:00Z,AMF,amf-02,4345.0,4239.0,,,,,,,,50.54,73.31
2026-03-24T08:45:00Z,AMF,amf-02,6205.0,6134.0,,,,,,,,58.06,64.31
2026-03-24T09:00:00Z,AMF,amf-02,6327.0,6250.0,,,,,,,,50.5,69.35
2026-03-24T08:30:00Z,SMF,smf-01,,,6782.0,6680.0,261.0,,,,,50.58,59.67
2026-03-24T08:45:00Z,SMF,smf-01,,,7689.0,7455.0,171.0,,,,,61.25,69.88
2026-03-24T09:00:00Z,SMF,smf-01,,,5544.0,5458.0,107.0,,,,,61.16,58.31
2026-03-24T08:30:00Z,SMF,smf-02,,,5739.0,5526.0,147.0,,,,,61.71,47.05
2026-03-24T08:45:00Z,SMF,smf-02,,,6024.0,5871.0,146.0,,,,,68.72,42.61
2026-03-24T09:00:00Z,SMF,smf-02,,,5300.0,5233.0,360.0,,,,,67.23,49.59
2026-03-24T08:30:00Z,UPF,upf-01,,,,,,12747718.0,8328023.0,914.0,165.0,38.98,56.08
2026-03-24T08:45:00Z,UPF,upf-01,,,,,,14524704.0,8879799.0,223.0,163.0,42.58,53.91
2026-03-24T09:00:00Z,UPF,upf-01,,,,,,13160650.0,9151775.0,384.0,56.0,39.79,61.55
2026-03-24T08:30:00Z,UPF,upf-02,,,,,,10950553.0,7520586.0,967.0,304.0,42.63,68.26
2026-03-24T08:45:00Z,UPF,upf-02,,,,,,9862531.0,7782752.0,410.0,328.0,43.47,59.4
2026-03-24T09:00:00Z,UPF,upf-02,,,,,,11468606.0,8322127.0,443.0,470.0,50.53,65.05
2026-03-24T09:00:00Z,AMF,amf-01,3907.0,3800.0,,,,,,,,71.16,61.14
2026-03-24T09:15:00Z,AMF,amf-01,4626.0,4589.0,,,,,,,,64.46,66.81
2026-03-24T09:30:00Z,AMF,amf-01,5580.0,5457.0,,,,,,,,71.92,70.23
2026-03-24T09:00:00Z,AMF,amf-02,4902.0,4764.0,,,,,,,,59.85,68.62
2026-03-24T09:15:00Z,AMF,amf-02,5832.0,5668.0,,,,,,,,61.66,70.44
2026-03-24T09:30:00Z,AMF,amf-02,5552.0,5427.0,,,,,,,,62.71,67.38
2026-03-24T09:00:00Z,SMF,smf-01,,,7630.0,7344.0,308.0,,,,,60.88,50.0
2026-03-24T09:15:00Z,SMF,smf-01,,,5288.0,5135.0,178.0,,,,,61.13,44.97
2026-03-24T09:30:00Z,SMF,smf-01,,,6362.0,6117.0,125.0,,,,,54.08,43.91
2026-03-24T09:00:00Z,SMF,smf-02,,,6264.0,6138.0,200.0,,,,,73.85,46.46
2026-03-24T09:15:00Z,SMF,smf-02,,,7989.0,7833.0,117.0,,,,,71.35,50.74
2026-03-24T09:30:00Z,SMF,smf-02,,,5818.0,5636.0,323.0,,,,,80.02,46.8
2026-03-24T09:00:00Z,UPF,upf-01,,,,,,13909061.0,8975502.0,111.0,234.0,43.54,74.8
2026-03-24T09:15:00Z,UPF,upf-01,,,,,,13240237.0,8846009.0,470.0,233.0,47.29,64.92
2026-03-24T09:30:00Z,UPF,upf-01,,,,,,14102731.0,8502306.0,322.0,71.0,49.98,66.71
2026-03-24T09:00:00Z,UPF,upf-02,,,,,,13024607.0,9674974.0,357.0,404.0,75.11,66.66
2026-03-24T09:15:00Z,UPF,upf-02,,,,,,12657829.0,7752911.0,232.0,267.0,79.74,67.48
2026-03-24T09:30:00Z,UPF,upf-02,,,,,,10099551.0,7557103.0,541.0,183.0,70.75,70.98
2026-03-24T09:30:00Z,AMF,amf-01,5084.0,5051.0,,,,,,,,52.95,56.71
2026-03-24T09:45:00Z,AMF,amf-01,4542.0,4488.0,,,,,,,,52.81,62.19
2026-03-24T10:00:00Z,AMF,amf-01,4283.0,4246.0,,,,,,,,51.76,64.61
2026-03-24T09:30:00Z,AMF,amf-02,4959.0,4899.0,,,,,,,,66.35,60.74
2026-03-24T09:45:00Z,AMF,amf-02,6100.0,5960.0,,,,,,,,57.49,61.79
2026-03-24T10:00:00Z,AMF,amf-02,5505.0,5445.0,,,,,,,,64.46,62.75
2026-03-24T09:30:00Z,SMF,smf-01,,,5856.0,5641.0,331.0,,,,,67.57,62.56
2026-03-24T09:45:00Z,SMF,smf-01,,,7190.0,7075.0,244.0,,,,,65.79,65.09
2026-03-24T10:00:00Z,SMF,smf-01,,,5909.0,5756.0,315.0,,,,,58.27,66.36
2026-03-24T09:30:00Z,SMF,smf-02,,,5326.0,5228.0,186.0,,,,,44.9,60.52
2026-03-24T09:45:00Z,SMF,smf-02,,,5958.0,5867.0,383.0,,,,,49.06,55.71
2026-03-24T10:00:00Z,SMF,smf-02,,,7772.0,7615.0,375.0,,,,,49.9,60.18
2026-03-24T09:30:00Z,UPF,upf-01,,,,,,10731897.0,8021844.0,268.0,102.0,51.53,71.05
2026-03-24T09:45:00Z,UPF,upf-01,,,,,,14804783.0,11729928.0,770.0,81.0,51.82,71.92
2026-03-24T10:00:00Z,UPF,upf-01,,,,,,11304320.0,7451429.0,835.0,142.0,62.31,70.39
2026-03-24T09:30:00Z,UPF,upf-02,,,,,,12721773.0,7780567.0,262.0,392.0,66.43,68.1
2026-03-24T09:45:00Z,UPF,upf-02,,,,,,10004994.0,6464624.0,222.0,444.0,56.69,70.4
2026-03-24T10:00:00Z,UPF,upf-02,,,,,,12659385.0,9271690.0,660.0,377.0,63.47,72.47
2026-03-24T10:00:00Z,AMF,amf-01,3908.0,3813.0,,,,,,,,55.8,66.95
2026-03-24T10:15:00Z,AMF,amf-01,4405.0,4337.0,,,,,,,,55.7,59.35
2026-03-24T10:30:00Z,AMF,amf-01,3900.0,3787.0,,,,,,,,55.62,64.84
2026-03-24T10:00:00Z,AMF,amf-02,5147.0,5073.0,,,,,,,,62.06,69.11
2026-03-24T10:15:00Z,AMF,amf-02,4434.0,4387.0,,,,,,,,64.24,64.24
2026-03-24T10:30:00Z,AMF,amf-02,4054.0,4002.0,,,,,,,,64.73,66.69
2026-03-24T10:00:00Z,SMF,smf-01,,,7327.0,7204.0,155.0,,,,,83.73,69.04
2026-03-24T10:15:00Z,SMF,smf-01,,,6969.0,6831.0,398.0,,,,,84.17,65.61
2026-03-24T10:30:00Z,SMF,smf-01,,,5438.0,5358.0,174.0,,,,,74.89,69.61
2026-03-24T10:00:00Z,SMF,smf-02,,,6086.0,5933.0,327.0,,,,,65.55,67.71
2026-03-24T10:15:00Z,SMF,smf-02,,,6552.0,6512.0,192.0,,,,,63.0,60.23
2026-03-24T10:30:00Z,SMF,smf-02,,,7137.0,6869.0,149.0,,,,,72.35,64.34
2026-03-24T10:00:00Z,UPF,upf-01,,,,,,15528410.0,12070525.0,119.0,477.0,61.26,67.78
2026-03-24T10:15:00Z,UPF,upf-01,,,,,,13145455.0,9306582.0,723.0,463.0,62.88,58.31
2026-03-24T10:30:00Z,UPF,upf-01,,,,,,10842265.0,8504130.0,729.0,145.0,64.59,63.55
2026-03-24T10:00:00Z,UPF,upf-02,,,,,,14537356.0,10538842.0,422.0,371.0,55.96,62.82
2026-03-24T10:15:00Z,UPF,upf-02,,,,,,12441301.0,7671591.0,164.0,149.0,61.16,65.6
2026-03-24T10:30:00Z,UPF,upf-02,,,,,,10548501.0,6765660.0,541.0,452.0,55.86,62.33
2026-03-24T10:30:00Z,AMF,amf-01,4264.0,4175.0,,,,,,,,51.13,53.3
2026-03-24T10:45:00Z,AMF,amf-01,5204.0,5110.0,,,,,,,,54.07,49.37
2026-03-24T11:00:00Z,AMF,amf-01,5829.0,5750.0,,,,,,,,47.1,47.07
2026-03-24T10:30:00Z,AMF,amf-02,5986.0,5876.0,,,,,,,,43.12,68.23
2026-03-24T10:45:00Z,AMF,amf-02,4067.0,3959.0,,,,,,,,40.29,61.83
2026-03-24T11:00:00Z,AMF,amf-02,5918.0,5783.0,,,,,,,,43.69,62.32
2026-03-24T10:30:00Z,SMF,smf-01,,,6269.0,6224.0,368.0,,,,,64.66,68.81
2026-03-24T10:45:00Z,SMF,smf-01,,,5544.0,5426.0,121.0,,,,,71.08,70.45
2026-03-24T11:00:00Z,SMF,smf-01,,,7744.0,7435.0,339.0,,,,,75.96,72.14
2026-03-24T10:30:00Z,SMF,smf-02,,,6658.0,6405.0,386.0,,,,,81.6,71.45
2026-03-24T10:45:00Z,SMF,smf-02,,,6353.0,6255.0,333.0,,,,,83.17,59.44
2026-03-24T11:00:00Z,SMF,smf-02,,,5983.0,5826.0,351.0,,,,,78.19,67.36
2026-03-24T10:30:00Z,UPF,upf-01,,,,,,11700254.0,7117366.0,260.0,93.0,52.61,37.75
2026-03-24T10:45:00Z,UPF,upf-01,,,,,,12234525.0,9262150.0,540.0,435.0,56.11,41.51
2026-03-24T11:00:00Z,UPF,upf-01,,,,,,15021549.0,9266757.0,151.0,438.0,51.51,38.51
2026-03-24T10:30:00Z,UPF,upf-02,,,,,,12253065.0,8227763.0,598.0,482.0,67.33,67.2
2026-03-24T10:45:00Z,UPF,upf-02,,,,,,11119602.0,7560053.0,701.0,417.0,61.97,63.82
2026-03-24T11:00:00Z,UPF,upf-02,,,,,,11425577.0,7087633.0,989.0,450.0,61.58,67.47
2026-03-24T11:00:00Z,AMF,amf-01,5678.0,5591.0,,,,,,,,59.24,60.04
2026-03-24T11:15:00Z,AMF,amf-01,4852.0,4737.0,,,,,,,,60.71,56.99
2026-03-24T11:30:00Z,AMF,amf-01,4185.0,4121.0,,,,,,,,67.59,66.44
2026-03-24T11:00:00Z,AMF,amf-02,3842.0,3772.0,,,,,,,,74.17,69.79
2026-03-24T11:15:00Z,AMF,amf-02,5828.0,5768.0,,,,,,,,75.44,61.53
2026-03-24T11:30:00Z,AMF,amf-02,4736.0,4640.0,,,,,,,,76.14,64.22
2026-03-24T11:00:00Z,SMF,smf-01,,,6428.0,6243.0,190.0,,,,,47.45,73.66
2026-03-24T11:15:00Z,SMF,smf-01,,,5887.0,5714.0,281.0,,,,,45.12,66.76
2026-03-24T11:30:00Z,SMF,smf-01,,,4954.0,4766.0,312.0,,,,,43.56,72.23
2026-03-24T11:00:00Z,SMF,smf-02,,,5629.0,5579.0,360.0,,,,,64.91,52.58
2026-03-24T11:15:00Z,SMF,smf-02,,,7159.0,6898.0,398.0,,,,,67.26,54.71
2026-03-24T11:30:00Z,SMF,smf-02,,,7851.0,7586.0,241.0,,,,,74.68,51.32
2026-03-24T11:00:00Z,UPF,upf-01,,,,,,11425589.0,7359645.0,966.0,399.0,68.96,52.39
2026-03-24T11:15:00Z,UPF,upf-01,,,,,,14000027.0,8660496.0,420.0,214.0,73.23,55.5
2026-03-24T11:30:00Z,UPF,upf-01,,,,,,11234661.0,7938552.0,530.0,189.0,67.83,53.13
2026-03-24T11:00:00Z,UPF,upf-02,,,,,,12032066.0,9189303.0,879.0,391.0,54.77,39.21
2026-03-24T11:15:00Z,UPF,upf-02,,,,,,10833406.0,7764223.0,394.0,152.0,48.47,42.49
2026-03-24T11:30:00Z,UPF,upf-02,,,,,,12199488.0,8884590.0,201.0,322.0,50.92,39.54
2026-03-24T11:30:00Z,AMF,amf-01,4637.0,4507.0,,,,,,,,51.7,54.1
2026-03-24T11:45:00Z,AMF,amf-01,4635.0,4533.0,,,,,,,,55.78,55.48
2026-03-24T12:00:00Z,AMF,amf-01,4934.0,4841.0,,,,,,,,60.14,55.94
2026-03-24T11:30:00Z,AMF,amf-02,6013.0,5863.0,,,,,,,,61.06,54.72
2026-03-24T11:45:00Z,AMF,amf-02,5460.0,5346.0,,,,,,,,56.39,53.74
2026-03-24T12:00:00Z,AMF,amf-02,5756.0,5726.0,,,,,,,,63.03,56.52
2026-03-24T11:30:00Z,SMF,smf-01,,,6714.0,6616.0,327.0,,,,,57.3,54.32
2026-03-24T11:45:00Z,SMF,smf-01,,,7496.0,7365.0,258.0,,,,,48.13,64.1
2026-03-24T12:00:00Z,SMF,smf-01,,,5232.0,5116.0,378.0,,,,,56.42,62.72
2026-03-24T11:30:00Z,SMF,smf-02,,,5540.0,5391.0,278.0,,,,,71.09,54.82
2026-03-24T11:45:00Z,SMF,smf-02,,,6578.0,6397.0,305.0,,,,,74.64,53.12
2026-03-24T12:00:00Z,SMF,smf-02,,,5764.0,5549.0,170.0,,,,,75.4,49.83
2026-03-24T11:30:00Z,UPF,upf-01,,,,,,11136931.0,7421682.0,249.0,335.0,65.64,68.98
2026-03-24T11:45:00Z,UPF,upf-01,,,,,,13623303.0,8897128.0,145.0,195.0,69.0,71.24
2026-03-24T12:00:00Z,UPF,upf-01,,,,,,12748851.0,9189150.0,526.0,369.0,68.64,71.51
2026-03-24T11:30:00Z,UPF,upf-02,,,,,,11627204.0,7816116.0,372.0,112.0,62.51,37.84
2026-03-24T11:45:00Z,UPF,upf-02,,,,,,10615297.0,6565158.0,788.0,394.0,69.51,45.08
2026-03-24T12:00:00Z,UPF,upf-02,,,,,,13112418.0,9363574.0,699.0,351.0,70.44,38.49
2026-03-24T12:00:00Z,AMF,amf-01,6205.0,6168.0,,,,,,,,53.17,50.46
2026-03-24T12:15:00Z,AMF,amf-01,5543.0,5443.0,,,,,,,,51.91,49.72
2026-03-24T12:30:00Z,AMF,amf-01,5272.0,5181.0,,,,,,,,51.94,43.57
2026-03-24T12:00:00Z,AMF,amf-02,5296.0,5144.0,,,,,,,,76.78,56.34
2026-03-24T12:15:00Z,AMF,amf-02,4183.0,4070.0,,,,,,,,77.91,63.91
2026-03-24T12:30:00Z,AMF,amf-02,5140.0,5073.0,,,,,,,,77.72,66.66
2026-03-24T12:00:00Z,SMF,smf-01,,,5842.0,5776.0,232.0,,,,,51.99,47.57
2026-03-24T12:15:00Z,SMF,smf-01,,,6003.0,5936.0,373.0,,,,,58.53,57.48
2026-03-24T12:30:00Z,SMF,smf-01,,,7157.0,7070.0,138.0,,,,,50.32,48.72
2026-03-24T12:00:00Z,SMF,smf-02,,,5873.0,5657.0,347.0,,,,,49.49,47.48
2026-03-24T12:15:00Z,SMF,smf-02,,,5989.0,5860.0,255.0,,,,,51.54,53.14
2026-03-24T12:30:00Z,SMF,smf-02,,,8186.0,8109.0,390.0,,,,,47.69,50.68
2026-03-24T12:00:00Z,UPF,upf-01,,,,,,12802380.0,7857853.0,135.0,276.0,50.0,63.47
2026-03-24T12:15:00Z,UPF,upf-01,,,,,,12601141.0,9939983.0,612.0,225.0,56.16,56.25
2026-03-24T12:30:00Z,UPF,upf-01,,,,,,12149166.0,9168155.0,692.0,355.0,52.59,60.13
2026-03-24T12:00:00Z,UPF,upf-02,,,,,,10931792.0,8665817.0,624.0,303.0,62.35,40.99
2026-03-24T12:15:00Z,UPF,upf-02,,,,,,11807147.0,8388034.0,777.0,392.0,63.89,46.13
2026-03-24T12:30:00Z,UPF,upf-02,,,,,,11161207.0,6796575.0,149.0,124.0,63.52,41.64
2026-03-24T12:30:00Z,AMF,amf-01,4846.0,4813.0,,,,,,,,46.35,68.7
2026-03-24T12:45:00Z,AMF,amf-01,5963.0,5814.0,,,,,,,,43.66,63.07
2026-03-24T13:00:00Z,AMF,amf-01,4042.0,3996.0,,,,,,,,39.48,68.64
2026-03-24T12:30:00Z,AMF,amf-02,6192.0,6158.0,,,,,,,,78.18,50.53
2026-03-24T12:45:00Z,AMF,amf-02,4870.0,4773.0,,,,,,,,75.89,49.44
2026-03-24T13:00:00Z,AMF,amf-02,4710.0,4635.0,,,,,,,,74.65,58.69
2026-03-24T12:30:00Z,SMF,smf-01,,,6767.0,6656.0,384.0,,,,,80.49,66.46
2026-03-24T12:45:00Z,SMF,smf-01,,,6950.0,6798.0,167.0,,,,,75.76,69.38
2026-03-24T13:00:00Z,SMF,smf-01,,,5133.0,5063.0,396.0,,,,,81.72,64.0
2026-03-24T12:30:00Z,SMF,smf-02,,,5510.0,5344.0,361.0,,,,,67.34,46.28
2026-03-24T12:45:00Z,SMF,smf-02,,,6133.0,5901.0,123.0,,,,,68.62,49.9
2026-03-24T13:00:00Z,SMF,smf-02,,,7382.0,7211.0,143.0,,,,,66.34,47.33
2026-03-24T12:30:00Z,UPF,upf-01,,,,,,12258389.0,9313007.0,378.0,393.0,68.04,46.33
2026-03-24T12:45:00Z,UPF,upf-01,,,,,,13042623.0,8276635.0,782.0,139.0,62.97,47.96
2026-03-24T13:00:00Z,UPF,upf-01,,,,,,9392746.0,6839058.0,418.0,415.0,61.46,53.42
2026-03-24T12:30:00Z,UPF,upf-02,,,,,,10653803.0,7670630.0,810.0,108.0,52.16,39.21
2026-03-24T12:45:00Z,UPF,upf-02,,,,,,10860291.0,8218557.0,658.0,386.0,52.39,45.0
2026-03-24T13:00:00Z,UPF,upf-02,,,,,,12157591.0,8864394.0,698.0,72.0,61.74,39.64
2026-03-24T13:00:00Z,AMF,amf-01,4625.0,4595.0,,,,,,,,67.8,56.65
2026-03-24T13:15:00Z,AMF,amf-01,5710.0,5637.0,,,,,,,,67.83,58.97
2026-03-24T13:30:00Z,AMF,amf-01,3807.0,3704.0,,,,,,,,63.38,62.11
2026-03-24T13:00:00Z,AMF,amf-02,5187.0,5147.0,,,,,,,,67.84,74.07
2026-03-24T13:15:00Z,AMF,amf-02,5583.0,5495.0,,,,,,,,73.08,73.93
2026-03-24T13:30:00Z,AMF,amf-02,4422.0,4358.0,,,,,,,,73.21,81.07
2026-03-24T13:00:00Z,SMF,smf-01,,,5691.0,5496.0,296.0,,,,,47.11,66.38
2026-03-24T13:15:00Z,SMF,smf-01,,,7965.0,7921.0,144.0,,,,,51.53,58.63
2026-03-24T13:30:00Z,SMF,smf-01,,,5301.0,5231.0,123.0,,,,,50.47,59.81
2026-03-24T13:00:00Z,SMF,smf-02,,,7662.0,7371.0,186.0,,,,,60.06,65.85
2026-03-24T13:15:00Z,SMF,smf-02,,,8598.0,8311.0,375.0,,,,,61.15,55.67
2026-03-24T13:30:00Z,SMF,smf-02,,,6513.0,6269.0,128.0,,,,,60.56,56.99
2026-03-24T13:00:00Z,UPF,upf-01,,,,,,11443119.0,8121994.0,713.0,202.0,51.35,68.47
2026-03-24T13:15:00Z,UPF,upf-01,,,,,,13609541.0,10776674.0,937.0,478.0,56.29,60.5
2026-03-24T13:30:00Z,UPF,upf-01,,,,,,11919356.0,9400395.0,843.0,318.0,57.15,66.98
2026-03-24T13:00:00Z,UPF,upf-02,,,,,,12094358.0,9503521.0,797.0,336.0,52.05,62.07
2026-03-24T13:15:00Z,UPF,upf-02,,,,,,12837663.0,8014180.0,659.0,165.0,50.58,56.64
2026-03-24T13:30:00Z,UPF,upf-02,,,,,,11470789.0,8751901.0,346.0,171.0,44.84,62.25
2026-03-24T13:30:00Z,AMF,amf-01,5249.0,5114.0,,,,,,,,66.08,66.94
2026-03-24T13:45:00Z,AMF,amf-01,5220.0,5132.0,,,,,,,,57.8,68.09
2026-03-24T14:00:00Z,AMF,amf-01,5244.0,5087.0,,,,,,,,59.6,69.13
2026-03-24T13:30:00Z,AMF,amf-02,5138.0,5061.0,,,,,,,,71.65,55.08
2026-03-24T13:45:00Z,AMF,amf-02,6310.0,6198.0,,,,,,,,67.31,57.38
2026-03-24T14:00:00Z,AMF,amf-02,5880.0,5807.0,,,,,,,,66.69,55.15
2026-03-24T13:30:00Z,SMF,smf-01,,,5738.0,5621.0,283.0,,,,,77.38,66.6
2026-03-24T13:45:00Z,SMF,smf-01,,,5608.0,5466.0,243.0,,,,,66.14,74.44
2026-03-24T14:00:00Z,SMF,smf-01,,,5706.0,5485.0,212.0,,,,,72.14,72.51
2026-03-24T13:30:00Z,SMF,smf-02,,,5802.0,5662.0,282.0,,,,,56.88,62.81
2026-03-24T13:45:00Z,SMF,smf-02,,,7448.0,7180.0,275.0,,,,,56.81,62.96
2026-03-24T14:00:00Z,SMF,smf-02,,,5013.0,4987.0,361.0,,,,,53.07,72.93
2026-03-24T13:30:00Z,UPF,upf-01,,,,,,15251318.0,9636978.0,569.0,109.0,52.48,58.89
2026-03-24T13:45:00Z,UPF,upf-01,,,,,,12572218.0,8347835.0,187.0,171.0,52.33,57.69
2026-03-24T14:00:00Z,UPF,upf-01,,,,,,10865902.0,6593840.0,504.0,346.0,63.53,61.62
2026-03-24T13:30:00Z,UPF,upf-02,,,,,,12090620.0,9475911.0,309.0,151.0,47.9,54.01
2026-03-24T13:45:00Z,UPF,upf-02,,,,,,12093440.0,9126591.0,393.0,442.0,44.63,48.8
2026-03-24T14:00:00Z,UPF,upf-02,,,,,,14945634.0,11213408.0,347.0,128.0,46.21,52.05
2026-03-24T14:00:00Z,AMF,amf-01,3990.0,3883.0,,,,,,,,64.7,55.59
2026-03-24T14:15:00Z,AMF,amf-01,4413.0,4331.0,,,,,,,,66.0,56.71
2026-03-24T14:30:00Z,AMF,amf-01,5669.0,5551.0,,,,,,,,60.46,58.15
2026-03-24T14:00:00Z,AMF,amf-02,6398.0,6362.0,,,,,,,,54.19,58.9
2026-03-24T14:15:00Z,AMF,amf-02,4540.0,4495.0,,,,,,,,54.34,58.93
2026-03-24T14:30:00Z,AMF,amf-02,4645.0,4514.0,,,,,,,,52.85,62.21
2026-03-24T14:00:00Z,SMF,smf-01,,,4769.0,4583.0,359.0,,,,,71.9,57.46
2026-03-24T14:15:00Z,SMF,smf-01,,,8686.0,8522.0,238.0,,,,,74.42,57.02
2026-03-24T14:30:00Z,SMF,smf-01,,,4788.0,4665.0,164.0,,,,,78.96,59.35
2026-03-24T14:00:00Z,SMF,smf-02,,,6151.0,5927.0,206.0,,,,,77.21,59.05
2026-03-24T14:15:00Z,SMF,smf-02,,,5950.0,5880.0,313.0,,,,,70.82,62.36
2026-03-24T14:30:00Z,SMF,smf-02,,,7783.0,7533.0,399.0,,,,,73.96,60.18
2026-03-24T14:00:00Z,UPF,upf-01,,,,,,12806846.0,8908340.0,962.0,495.0,55.33,56.58
2026-03-24T14:15:00Z,UPF,upf-01,,,,,,9715212.0,6793422.0,821.0,373.0,57.14,54.01
2026-03-24T14:30:00Z,UPF,upf-01,,,,,,9421925.0,7472324.0,158.0,60.0,62.08,57.72
2026-03-24T14:00:00Z,UPF,upf-02,,,,,,10209001.0,7316449.0,628.0,295.0,65.6,76.96
2026-03-24T14:15:00Z,UPF,upf-02,,,,,,11739423.0,9149113.0,204.0,322.0,57.44,74.71
2026-03-24T14:30:00Z,UPF,upf-02,,,,,,10364401.0,6656621.0,734.0,137.0,61.73,70.98
2026-03-24T14:30:00Z,AMF,amf-01,4964.0,4884.0,,,,,,,,45.5,42.76
2026-03-24T14:45:00Z,AMF,amf-01,4976.0,4872.0,,,,,,,,40.26,39.15
2026-03-24T15:00:00Z,AMF,amf-01,6431.0,6367.0,,,,,,,,45.45,41.06
2026-03-24T14:30:00Z,AMF,amf-02,4689.0,4645.0,,,,,,,,54.28,72.78
2026-03-24T14:45:00Z,AMF,amf-02,4518.0,4464.0,,,,,,,,51.36,73.91
2026-03-24T15:00:00Z,AMF,amf-02,4397.0,4299.0,,,,,,,,55.34,74.11
2026-03-24T14:30:00Z,SMF,smf-01,,,6399.0,6253.0,293.0,,,,,42.84,63.08
2026-03-24T14:45:00Z,SMF,smf-01,,,4821.0,4680.0,266.0,,,,,45.06,57.93
2026-03-24T15:00:00Z,SMF,smf-01,,,7884.0,7782.0,297.0,,,,,46.64,54.46
2026-03-24T14:30:00Z,SMF,smf-02,,,5679.0,5483.0,155.0,,,,,80.05,46.17
2026-03-24T14:45:00Z,SMF,smf-02,,,5290.0,5134.0,391.0,,,,,71.85,43.94
2026-03-24T15:00:00Z,SMF,smf-02,,,6846.0,6780.0,153.0,,,,,73.69,48.79
2026-03-24T14:30:00Z,UPF,upf-01,,,,,,11557003.0,8813191.0,607.0,150.0,42.68,47.26
2026-03-24T14:45:00Z,UPF,upf-01,,,,,,15279576.0,11147557.0,195.0,338.0,46.0,51.88
2026-03-24T15:00:00Z,UPF,upf-01,,,,,,11046914.0,7620518.0,423.0,425.0,46.77,52.74
2026-03-24T14:30:00Z,UPF,upf-02,,,,,,13481201.0,10323017.0,604.0,303.0,42.23,78.67
2026-03-24T14:45:00Z,UPF,upf-02,,,,,,11256839.0,8903528.0,314.0,325.0,41.05,69.96
2026-03-24T15:00:00Z,UPF,upf-02,,,,,,9874977.0,6350673.0,357.0,399.0,41.2,69.66
2026-03-24T15:00:00Z,AMF,amf-01,3884.0,3863.0,,,,,,,,67.58,76.99
2026-03-24T15:15:00Z,AMF,amf-01,5001.0,4941.0,,,,,,,,59.03,80.86
2026-03-24T15:30:00Z,AMF,amf-01,6038.0,5928.0,,,,,,,,58.3,67.59
2026-03-24T15:00:00Z,AMF,amf-02,6008.0,5916.0,,,,,,,,74.24,61.27
2026-03-24T15:15:00Z,AMF,amf-02,4007.0,3907.0,,,,,,,,72.38,64.77
2026-03-24T15:30:00Z,AMF,amf-02,3960.0,3846.0,,,,,,,,75.65,63.95
2026-03-24T15:00:00Z,SMF,smf-01,,,5927.0,5829.0,152.0,,,,,57.45,69.29
2026-03-24T15:15:00Z,SMF,smf-01,,,6394.0,6208.0,340.0,,,,,56.48,69.52
2026-03-24T15:30:00Z,SMF,smf-01,,,7393.0,7321.0,323.0,,,,,53.0,67.82
2026-03-24T15:00:00Z,SMF,smf-02,,,5634.0,5440.0,101.0,,,,,55.52,73.74
2026-03-24T15:15:00Z,SMF,smf-02,,,6840.0,6645.0,277.0,,,,,51.43,69.43
2026-03-24T15:30:00Z,SMF,smf-02,,,5667.0,5588.0,327.0,,,,,55.77,73.95
2026-03-24T15:00:00Z,UPF,upf-01,,,,,,15240917.0,9543911.0,325.0,458.0,63.97,44.86
2026-03-24T15:15:00Z,UPF,upf-01,,,,,,11125157.0,8863902.0,367.0,378.0,62.02,44.38
2026-03-24T15:30:00Z,UPF,upf-01,,,,,,9655655.0,6636039.0,674.0,186.0,59.57,43.07
2026-03-24T15:00:00Z,UPF,upf-02,,,,,,14893238.0,11112534.0,585.0,267.0,57.27,45.4
2026-03-24T15:15:00Z,UPF,upf-02,,,,,,14348979.0,11461037.0,940.0,369.0,54.1,55.26
2026-03-24T15:30:00Z,UPF,upf-02,,,,,,14721049.0,10157827.0,324.0,273.0,53.48,54.15
2026-03-24T15:30:00Z,AMF,amf-01,4735.0,4603.0,,,,,,,,67.0,69.59
2026-03-24T15:45:00Z,AMF,amf-01,4318.0,4236.0,,,,,,,,64.46,66.08
2026-03-24T16:00:00Z,AMF,amf-01,5407.0,5249.0,,,,,,,,75.15,66.06
2026-03-24T15:30:00Z,AMF,amf-02,6261.0,6171.0,,,,,,,,61.72,68.12
2026-03-24T15:45:00Z,AMF,amf-02,4189.0,4080.0,,,,,,,,66.86,69.54
2026-03-24T16:00:00Z,AMF,amf-02,5935.0,5845.0,,,,,,,,72.24,60.43
2026-03-24T15:30:00Z,SMF,smf-01,,,7071.0,6865.0,244.0,,,,,41.56,58.58
2026-03-24T15:45:00Z,SMF,smf-01,,,6305.0,6124.0,166.0,,,,,45.09,69.45
2026-03-24T16:00:00Z,SMF,smf-01,,,5160.0,5015.0,256.0,,,,,44.37,60.29
2026-03-24T15:30:00Z,SMF,smf-02,,,6892.0,6651.0,334.0,,,,,44.63,59.06
2026-03-24T15:45:00Z,SMF,smf-02,,,6627.0,6546.0,383.0,,,,,46.34,62.6
2026-03-24T16:00:00Z,SMF,smf-02,,,7284.0,7185.0,352.0,,,,,44.2,59.2
2026-03-24T15:30:00Z,UPF,upf-01,,,,,,12305925.0,8385061.0,338.0,270.0,50.93,49.7
2026-03-24T15:45:00Z,UPF,upf-01,,,,,,11495513.0,8369600.0,443.0,125.0,47.96,48.55
2026-03-24T16:00:00Z,UPF,upf-01,,,,,,12229264.0,7593017.0,104.0,308.0,49.13,46.63
2026-03-24T15:30:00Z,UPF,upf-02,,,,,,14789310.0,10847756.0,218.0,336.0,52.25,54.07
2026-03-24T15:45:00Z,UPF,upf-02,,,,,,11744706.0,8044890.0,635.0,389.0,52.7,53.47
2026-03-24T16:00:00Z,UPF,upf-02,,,,,,14230177.0,10668297.0,337.0,428.0,50.47,58.16
2026-03-24T16:00:00Z,AMF,amf-01,4268.0,4216.0,,,,,,,,78.31,60.56
2026-03-24T16:15:00Z,AMF,amf-01,4600.0,4520.0,,,,,,,,73.49,60.52
2026-03-24T16:30:00Z,AMF,amf-01,5376.0,5292.0,,,,,,,,76.38,66.5
2026-03-24T16:00:00Z,AMF,amf-02,4529.0,4455.0,,,,,,,,64.02,59.22
2026-03-24T16:15:00Z,AMF,amf-02,4343.0,4296.0,,,,,,,,68.77,58.66
2026-03-24T16:30:00Z,AMF,amf-02,4375.0,4321.0,,,,,,,,73.35,56.99
2026-03-24T16:00:00Z,SMF,smf-01,,,7053.0,6855.0,234.0,,,,,55.05,47.15
2026-03-24T16:15:00Z,SMF,smf-01,,,7081.0,6988.0,223.0,,,,,58.94,48.86
2026-03-24T16:30:00Z,SMF,smf-01,,,5992.0,5810.0,347.0,,,,,61.12,46.41
2026-03-24T16:00:00Z,SMF,smf-02,,,6335.0,6220.0,196.0,,,,,63.78,64.83
2026-03-24T16:15:00Z,SMF,smf-02,,,7427.0,7228.0,184.0,,,,,61.16,72.44
2026-03-24T16:30:00Z,SMF,smf-02,,,5417.0,5255.0,354.0,,,,,57.41,69.1
2026-03-24T16:00:00Z,UPF,upf-01,,,,,,12465951.0,8436179.0,568.0,470.0,66.5,61.24
2026-03-24T16:15:00Z,UPF,upf-01,,,,,,13352348.0,10648341.0,785.0,394.0,67.13,65.55
2026-03-24T16:30:00Z,UPF,upf-01,,,,,,14332519.0,11363101.0,597.0,87.0,69.37,59.62
2026-03-24T16:00:00Z,UPF,upf-02,,,,,,12849035.0,8652309.0,756.0,438.0,62.56,77.4
2026-03-24T16:15:00Z,UPF,upf-02,,,,,,10684915.0,7739786.0,400.0,156.0,69.29,71.19
2026-03-24T16:30:00Z,UPF,upf-02,,,,,,12102170.0,9333980.0,683.0,341.0,60.06,75.55
2026-03-24T16:30:00Z,AMF,amf-01,5341.0,5195.0,,,,,,,,43.79,72.95
2026-03-24T16:45:00Z,AMF,amf-01,5983.0,5918.0,,,,,,,,38.94,74.98
2026-03-24T17:00:00Z,AMF,amf-01,4043.0,3988.0,,,,,,,,39.96,68.73
2026-03-24T16:30:00Z,AMF,amf-02,3853.0,3807.0,,,,,,,,60.93,61.23
2026-03-24T16:45:00Z,AMF,amf-02,4882.0,4747.0,,,,,,,,71.47,67.07
2026-03-24T17:00:00Z,AMF,amf-02,4010.0,3920.0,,,,,,,,68.43,70.74
2026-03-24T16:30:00Z,SMF,smf-01,,,7399.0,7353.0,351.0,,,,,53.46,67.31
2026-03-24T16:45:00Z,SMF,smf-01,,,6792.0,6612.0,261.0,,,,,49.38,63.79
2026-03-24T17:00:00Z,SMF,smf-01,,,7403.0,7218.0,162.0,,,,,49.5,58.75
2026-03-24T16:30:00Z,SMF,smf-02,,,6957.0,6909.0,307.0,,,,,44.43,47.83
2026-03-24T16:45:00Z,SMF,smf-02,,,5555.0,5357.0,391.0,,,,,49.81,43.25
2026-03-24T17:00:00Z,SMF,smf-02,,,7430.0,7316.0,279.0,,,,,47.34,42.68
2026-03-24T16:30:00Z,UPF,upf-01,,,,,,12841556.0,8587251.0,405.0,293.0,41.89,37.79
2026-03-24T16:45:00Z,UPF,upf-01,,,,,,10605754.0,7491462.0,356.0,378.0,48.97,43.13
2026-03-24T17:00:00Z,UPF,upf-01,,,,,,11355476.0,8936253.0,459.0,173.0,47.41,41.33
2026-03-24T16:30:00Z,UPF,upf-02,,,,,,14090035.0,9525682.0,998.0,228.0,73.24,55.91
2026-03-24T16:45:00Z,UPF,upf-02,,,,,,11027015.0,7046310.0,947.0,225.0,64.7,51.49
2026-03-24T17:00:00Z,UPF,upf-02,,,,,,13345810.0,10589136.0,836.0,356.0,76.66,57.51
2026-03-24T17:00:00Z,AMF,amf-01,6152.0,6002.0,,,,,,,,52.76,60.64
2026-03-24T17:15:00Z,AMF,amf-01,5092.0,5017.0,,,,,,,,60.25,59.74
2026-03-24T17:30:00Z,AMF,amf-01,4450.0,4403.0,,,,,,,,58.28,66.57
2026-03-24T17:00:00Z,AMF,amf-02,6121.0,5962.0,,,,,,,,42.37,52.31
2026-03-24T17:15:00Z,AMF,amf-02,4654.0,4604.0,,,,,,,,42.9,55.83
2026-03-24T17:30:00Z,AMF,amf-02,4989.0,4907.0,,,,,,,,41.15,48.5
2026-03-24T17:00:00Z,SMF,smf-01,,,5883.0,5802.0,328.0,,,,,57.05,57.48
2026-03-24T17:15:00Z,SMF,smf-01,,,5451.0,5290.0,210.0,,,,,55.33,62.15
2026-03-24T17:30:00Z,SMF,smf-01,,,6099.0,6007.0,376.0,,,,,58.26,59.49
2026-03-24T17:00:00Z,SMF,smf-02,,,6605.0,6551.0,289.0,,,,,70.46,68.66
2026-03-24T17:15:00Z,SMF,smf-02,,,7823.0,7568.0,363.0,,,,,65.53,63.81
2026-03-24T17:30:00Z,SMF,smf-02,,,6387.0,6265.0,324.0,,,,,77.19,64.97
2026-03-24T17:00:00Z,UPF,upf-01,,,,,,14046398.0,8862251.0,692.0,58.0,67.23,47.9
2026-03-24T17:15:00Z,UPF,upf-01,,,,,,10889582.0,8664016.0,275.0,82.0,71.78,46.24
2026-03-24T17:30:00Z,UPF,upf-01,,,,,,12551764.0,7847313.0,201.0,319.0,64.93,55.15
2026-03-24T17:00:00Z,UPF,upf-02,,,,,,12334109.0,9409183.0,802.0,229.0,40.87,44.98
2026-03-24T17:15:00Z,UPF,upf-02,,,,,,12228984.0,9451053.0,936.0,331.0,44.64,45.49
2026-03-24T17:30:00Z,UPF,upf-02,,,,,,11409441.0,8296822.0,885.0,439.0,42.05,38.92
2026-03-24T17:30:00Z,AMF,amf-01,4261.0,4134.0,,,,,,,,69.79,38.81
2026-03-24T17:45:00Z,AMF,amf-01,4106.0,4074.0,,,,,,,,69.05,38.46
2026-03-24T18:00:00Z,AMF,amf-01,5427.0,5340.0,,,,,,,,65.16,41.42
2026-03-24T17:30:00Z,AMF,amf-02,5378.0,5246.0,,,,,,,,72.08,54.35
2026-03-24T17:45:00Z,AMF,amf-02,5101.0,5011.0,,,,,,,,81.41,49.44
2026-03-24T18:00:00Z,AMF,amf-02,4455.0,4410.0,,,,,,,,81.58,48.2
2026-03-24T17:30:00Z,SMF,smf-01,,,7068.0,6835.0,382.0,,,,,46.16,70.31
2026-03-24T17:45:00Z,SMF,smf-01,,,6049.0,5928.0,370.0,,,,,38.88,68.55
2026-03-24T18:00:00Z,SMF,smf-01,,,7472.0,7284.0,183.0,,,,,42.64,67.73
2026-03-24T17:30:00Z,SMF,smf-02,,,5370.0,5321.0,242.0,,,,,64.99,72.63
2026-03-24T17:45:00Z,SMF,smf-02,,,5406.0,5339.0,268.0,,,,,66.51,77.48
2026-03-24T18:00:00Z,SMF,smf-02,,,7007.0,6767.0,204.0,,,,,60.09,74.79
2026-03-24T17:30:00Z,UPF,upf-01,,,,,,15359626.0,10150475.0,404.0,388.0,42.25,62.97
2026-03-24T17:45:00Z,UPF,upf-01,,,,,,12953109.0,9145054.0,823.0,200.0,41.29,59.99
2026-03-24T18:00:00Z,UPF,upf-01,,,,,,12683685.0,8623720.0,763.0,275.0,46.81,63.16
2026-03-24T17:30:00Z,UPF,upf-02,,,,,,10872171.0,6562560.0,229.0,229.0,67.96,55.39
2026-03-24T17:45:00Z,UPF,upf-02,,,,,,13386384.0,8750773.0,360.0,407.0,63.82,63.26
2026-03-24T18:00:00Z,UPF,upf-02,,,,,,13905821.0,9424174.0,542.0,243.0,70.87,57.73
2026-03-24T18:00:00Z,AMF,amf-01,3642.0,3595.0,,,,,,,,65.26,48.21
2026-03-24T18:15:00Z,AMF,amf-01,5256.0,5161.0,,,,,,,,66.02,48.35
2026-03-24T18:30:00Z,AMF,amf-01,3886.0,3793.0,,,,,,,,73.41,42.26
2026-03-24T18:00:00Z,AMF,amf-02,5212.0,5162.0,,,,,,,,50.42,44.24
2026-03-24T18:15:00Z,AMF,amf-02,4702.0,4590.0,,,,,,,,52.4,42.62
2026-03-24T18:30:00Z,AMF,amf-02,5149.0,5114.0,,,,,,,,50.19,50.05
2026-03-24T18:00:00Z,SMF,smf-01,,,5255.0,5126.0,283.0,,,,,82.36,46.12
2026-03-24T18:15:00Z,SMF,smf-01,,,6160.0,6042.0,371.0,,,,,69.12,49.34
2026-03-24T18:30:00Z,SMF,smf-01,,,6717.0,6678.0,266.0,,,,,69.73,47.49
2026-03-24T18:00:00Z,SMF,smf-02,,,6808.0,6655.0,127.0,,,,,41.19,51.15
2026-03-24T18:15:00Z,SMF,smf-02,,,6951.0,6806.0,387.0,,,,,44.96,49.45
2026-03-24T18:30:00Z,SMF,smf-02,,,7846.0,7540.0,352.0,,,,,46.84,48.86
2026-03-24T18:00:00Z,UPF,upf-01,,,,,,15255357.0,10734553.0,875.0,104.0,51.85,46.49
2026-03-24T18:15:00Z,UPF,upf-01,,,,,,13758589.0,9096525.0,739.0,330.0,52.5,48.24
2026-03-24T18:30:00Z,UPF,upf-01,,,,,,13817189.0,10259856.0,805.0,90.0,58.6,43.57
2026-03-24T18:00:00Z,UPF,upf-02,,,,,,12562401.0,9845224.0,985.0,452.0,42.79,47.45
2026-03-24T18:15:00Z,UPF,upf-02,,,,,,10864341.0,7693518.0,309.0,287.0,41.16,45.76
2026-03-24T18:30:00Z,UPF,upf-02,,,,,,14114142.0,10397202.0,767.0,382.0,41.14,49.22
2026-03-24T18:30:00Z,AMF,amf-01,5495.0,5414.0,,,,,,,,57.34,63.71
2026-03-24T18:45:00Z,AMF,amf-01,5682.0,5619.0,,,,,,,,60.53,67.45
2026-03-24T19:00:00Z,AMF,amf-01,5513.0,5443.0,,,,,,,,56.38,64.63
2026-03-24T18:30:00Z,AMF,amf-02,4463.0,4391.0,,,,,,,,48.79,46.27
2026-03-24T18:45:00Z,AMF,amf-02,4373.0,4284.0,,,,,,,,48.5,49.31
2026-03-24T19:00:00Z,AMF,amf-02,6054.0,5941.0,,,,,,,,45.2,49.36
2026-03-24T18:30:00Z,SMF,smf-01,,,7903.0,7647.0,312.0,,,,,63.51,59.33
2026-03-24T18:45:00Z,SMF,smf-01,,,7658.0,7589.0,294.0,,,,,68.28,61.83
2026-03-24T19:00:00Z,SMF,smf-01,,,6365.0,6292.0,175.0,,,,,71.29,61.64
2026-03-24T18:30:00Z,SMF,smf-02,,,7073.0,6875.0,318.0,,,,,69.48,52.13
2026-03-24T18:45:00Z,SMF,smf-02,,,7966.0,7745.0,264.0,,,,,66.6,48.7
2026-03-24T19:00:00Z,SMF,smf-02,,,7086.0,6829.0,133.0,,,,,67.28,51.41
2026-03-24T18:30:00Z,UPF,upf-01,,,,,,10074306.0,6590352.0,945.0,213.0,66.91,63.17
2026-03-24T18:45:00Z,UPF,upf-01,,,,,,14956897.0,10685070.0,388.0,409.0,66.26,71.27
2026-03-24T19:00:00Z,UPF,upf-01,,,,,,9688275.0,6485026.0,278.0,317.0,61.52,68.97
2026-03-24T18:30:00Z,UPF,upf-02,,,,,,13764120.0,8662773.0,879.0,343.0,69.42,47.55
2026-03-24T18:45:00Z,UPF,upf-02,,,,,,15964135.0,11369285.0,533.0,177.0,74.65,47.24
2026-03-24T19:00:00Z,UPF,upf-02,,,,,,12617489.0,8980924.0,476.0,315.0,72.96,41.54
2026-03-24T19:00:00Z,AMF,amf-01,4131.0,4072.0,,,,,,,,71.7,67.74
2026-03-24T19:15:00Z,AMF,amf-01,4331.0,4263.0,,,,,,,,74.37,63.93
2026-03-24T19:30:00Z,AMF,amf-01,4466.0,4441.0,,,,,,,,68.74,66.51
2026-03-24T19:00:00Z,AMF,amf-02,5842.0,5724.0,,,,,,,,58.11,64.52
2026-03-24T19:15:00Z,AMF,amf-02,5257.0,5191.0,,,,,,,,58.13,58.87
2026-03-24T19:30:00Z,AMF,amf-02,6018.0,5978.0,,,,,,,,62.19,64.82
2026-03-24T19:00:00Z,SMF,smf-01,,,6552.0,6324.0,312.0,,,,,65.2,45.93
2026-03-24T19:15:00Z,SMF,smf-01,,,5001.0,4952.0,249.0,,,,,69.81,39.34
2026-03-24T19:30:00Z,SMF,smf-01,,,8117.0,7922.0,121.0,,,,,67.32,44.6
2026-03-24T19:00:00Z,SMF,smf-02,,,6303.0,6102.0,129.0,,,,,45.78,46.7
2026-03-24T19:15:00Z,SMF,smf-02,,,6097.0,6000.0,350.0,,,,,40.49,48.08
2026-03-24T19:30:00Z,SMF,smf-02,,,6172.0,5978.0,336.0,,,,,45.27,50.56
2026-03-24T19:00:00Z,UPF,upf-01,,,,,,15341324.0,11235714.0,677.0,352.0,71.39,45.32
2026-03-24T19:15:00Z,UPF,upf-01,,,,,,12061116.0,8459328.0,542.0,460.0,75.78,43.83
2026-03-24T19:30:00Z,UPF,upf-01,,,,,,10657646.0,6698730.0,885.0,369.0,69.54,43.94
2026-03-24T19:00:00Z,UPF,upf-02,,,,,,10785178.0,7933795.0,105.0,276.0,51.13,74.02
2026-03-24T19:15:00Z,UPF,upf-02,,,,,,11682318.0,9095724.0,932.0,60.0,60.63,67.17
2026-03-24T19:30:00Z,UPF,upf-02,,,,,,12505652.0,9352996.0,435.0,445.0,58.79,68.62
2026-03-24T19:30:00Z,AMF,amf-01,5227.0,5140.0,,,,,,,,76.02,50.67
2026-03-24T19:45:00Z,AMF,amf-01,4350.0,4272.0,,,,,,,,73.04,51.58
2026-03-24T20:00:00Z,AMF,amf-01,5144.0,5053.0,,,,,,,,76.93,48.12
2026-03-24T19:30:00Z,AMF,amf-02,5599.0,5482.0,,,,,,,,61.01,54.65
2026-03-24T19:45:00Z,AMF,amf-02,5545.0,5381.0,,,,,,,,62.8,54.04
2026-03-24T20:00:00Z,AMF,amf-02,5812.0,5699.0,,,,,,,,64.95,52.68
2026-03-24T19:30:00Z,SMF,smf-01,,,5057.0,5020.0,181.0,,,,,58.19,49.44
2026-03-24T19:45:00Z,SMF,smf-01,,,5324.0,5129.0,269.0,,,,,53.9,46.49
2026-03-24T20:00:00Z,SMF,smf-01,,,6686.0,6563.0,386.0,,,,,56.66,42.36
2026-03-24T19:30:00Z,SMF,smf-02,,,6301.0,6061.0,329.0,,,,,86.4,58.24
2026-03-24T19:45:00Z,SMF,smf-02,,,5854.0,5736.0,170.0,,,,,71.45,52.41
2026-03-24T20:00:00Z,SMF,smf-02,,,5551.0,5447.0,352.0,,,,,72.85,50.26
2026-03-24T19:30:00Z,UPF,upf-01,,,,,,13825053.0,10243467.0,231.0,177.0,63.39,38.25
2026-03-24T19:45:00Z,UPF,upf-01,,,,,,11413903.0,7716605.0,641.0,327.0,64.33,37.97
2026-03-24T20:00:00Z,UPF,upf-01,,,,,,13188804.0,9577051.0,561.0,340.0,61.69,39.87
2026-03-24T19:30:00Z,UPF,upf-02,,,,,,14028593.0,8532189.0,761.0,435.0,67.5,42.34
2026-03-24T19:45:00Z,UPF,upf-02,,,,,,15204955.0,9135362.0,557.0,387.0,68.4,38.57
2026-03-24T20:00:00Z,UPF,upf-02,,,,,,12513737.0,8129097.0,819.0,456.0,65.38,38.29
2026-03-24T20:00:00Z,AMF,amf-01,4323.0,4281.0,,,,,,,,49.09,60.55
2026-03-24T20:15:00Z,AMF,amf-01,5888.0,5796.0,,,,,,,,49.92,66.06
2026-03-24T20:30:00Z,AMF,amf-01,4936.0,4848.0,,,,,,,,44.39,69.44
2026-03-24T20:00:00Z,AMF,amf-02,6036.0,5950.0,,,,,,,,55.39,49.6
2026-03-24T20:15:00Z,AMF,amf-02,4496.0,4386.0,,,,,,,,62.72,49.84
2026-03-24T20:30:00Z,AMF,amf-02,5371.0,5225.0,,,,,,,,59.24,44.71
2026-03-24T20:00:00Z,SMF,smf-01,,,5411.0,5296.0,305.0,,,,,80.46,75.08
2026-03-24T20:15:00Z,SMF,smf-01,,,8028.0,7980.0,115.0,,,,,80.77,63.23
2026-03-24T20:30:00Z,SMF,smf-01,,,6902.0,6682.0,367.0,,,,,75.17,70.58
2026-03-24T20:00:00Z,SMF,smf-02,,,5782.0,5617.0,291.0,,,,,43.4,50.01
2026-03-24T20:15:00Z,SMF,smf-02,,,5893.0,5702.0,341.0,,,,,45.46,56.15
2026-03-24T20:30:00Z,SMF,smf-02,,,6740.0,6521.0,347.0,,,,,45.51,55.21
2026-03-24T20:00:00Z,UPF,upf-01,,,,,,11195440.0,7529545.0,792.0,381.0,45.31,63.95
2026-03-24T20:15:00Z,UPF,upf-01,,,,,,15279064.0,11023379.0,554.0,320.0,37.56,58.46
2026-03-24T20:30:00Z,UPF,upf-01,,,,,,14807209.0,10233835.0,329.0,169.0,38.74,60.21
2026-03-24T20:00:00Z,UPF,upf-02,,,,,,12918138.0,8297096.0,541.0,59.0,53.49,59.44
2026-03-24T20:15:00Z,UPF,upf-02,,,,,,9534193.0,7493092.0,684.0,373.0,44.96,56.35
2026-03-24T20:30:00Z,UPF,upf-02,,,,,,16303031.0,11413047.0,667.0,293.0,47.88,60.06
2026-03-24T20:30:00Z,AMF,amf-01,4865.0,4794.0,,,,,,,,54.19,58.17
2026-03-24T20:45:00Z,AMF,amf-01,4587.0,4517.0,,,,,,,,47.88,51.73
2026-03-24T21:00:00Z,AMF,amf-01,4253.0,4156.0,,,,,,,,49.22,56.6
2026-03-24T20:30:00Z,AMF,amf-02,5660.0,5608.0,,,,,,,,73.91,53.38
2026-03-24T20:45:00Z,AMF,amf-02,5206.0,5119.0,,,,,,,,68.56,57.54
2026-03-24T21:00:00Z,AMF,amf-02,4621.0,4517.0,,,,,,,,68.55,51.78
2026-03-24T20:30:00Z,SMF,smf-01,,,6156.0,6031.0,280.0,,,,,72.25,71.27
2026-03-24T20:45:00Z,SMF,smf-01,,,7938.0,7856.0,123.0,,,,,69.6,72.11
2026-03-24T21:00:00Z,SMF,smf-01,,,5722.0,5606.0,248.0,,,,,71.71,71.3
2026-03-24T20:30:00Z,SMF,smf-02,,,7271.0,7159.0,110.0,,,,,80.63,44.66
2026-03-24T20:45:00Z,SMF,smf-02,,,5536.0,5491.0,152.0,,,,,77.41,45.68
2026-03-24T21:00:00Z,SMF,smf-02,,,6554.0,6346.0,173.0,,,,,70.49,45.7
2026-03-24T20:30:00Z,UPF,upf-01,,,,,,12127835.0,8721398.0,893.0,431.0,69.35,79.04
2026-03-24T20:45:00Z,UPF,upf-01,,,,,,14357542.0,8837526.0,720.0,170.0,67.7,78.14
2026-03-24T21:00:00Z,UPF,upf-01,,,,,,11618845.0,7808334.0,458.0,164.0,65.15,78.14
2026-03-24T20:30:00Z,UPF,upf-02,,,,,,14149334.0,11181409.0,181.0,261.0,68.28,58.22
2026-03-24T20:45:00Z,UPF,upf-02,,,,,,10872466.0,8608226.0,862.0,122.0,66.95,57.56
2026-03-24T21:00:00Z,UPF,upf-02,,,,,,14985018.0,11401912.0,973.0,325.0,67.53,50.97
2026-03-24T21:00:00Z,AMF,amf-01,4986.0,4892.0,,,,,,,,60.41,61.97
2026-03-24T21:15:00Z,AMF,amf-01,4376.0,4301.0,,,,,,,,62.6,58.76
2026-03-24T21:30:00Z,AMF,amf-01,5003.0,4930.0,,,,,,,,63.74,58.9
2026-03-24T21:00:00Z,AMF,amf-02,4492.0,4394.0,,,,,,,,52.77,51.18
2026-03-24T21:15:00Z,AMF,amf-02,5527.0,5424.0,,,,,,,,48.06,51.74
2026-03-24T21:30:00Z,AMF,amf-02,4621.0,4496.0,,,,,,,,48.37,57.16
2026-03-24T21:00:00Z,SMF,smf-01,,,6340.0,6245.0,172.0,,,,,71.59,64.9
2026-03-24T21:15:00Z,SMF,smf-01,,,7060.0,7004.0,243.0,,,,,65.02,58.4
2026-03-24T21:30:00Z,SMF,smf-01,,,6449.0,6229.0,177.0,,,,,73.43,68.94
2026-03-24T21:00:00Z,SMF,smf-02,,,6645.0,6511.0,220.0,,,,,56.57,44.24
2026-03-24T21:15:00Z,SMF,smf-02,,,6668.0,6527.0,390.0,,,,,57.63,49.68
2026-03-24T21:30:00Z,SMF,smf-02,,,6535.0,6491.0,311.0,,,,,55.08,44.5
2026-03-24T21:00:00Z,UPF,upf-01,,,,,,15183036.0,9143102.0,397.0,409.0,62.74,43.84
2026-03-24T21:15:00Z,UPF,upf-01,,,,,,13506796.0,9852016.0,439.0,427.0,55.42,41.52
2026-03-24T21:30:00Z,UPF,upf-01,,,,,,10239355.0,7432608.0,637.0,387.0,52.11,45.36
2026-03-24T21:00:00Z,UPF,upf-02,,,,,,13229329.0,10279002.0,694.0,60.0,44.55,41.03
2026-03-24T21:15:00Z,UPF,upf-02,,,,,,10422608.0,7236138.0,197.0,474.0,52.01,48.09
2026-03-24T21:30:00Z,UPF,upf-02,,,,,,11171665.0,6864305.0,618.0,160.0,49.11,44.21
2026-03-24T21:30:00Z,AMF,amf-01,4007.0,3902.0,,,,,,,,39.62,57.21
2026-03-24T21:45:00Z,AMF,amf-01,4456.0,4404.0,,,,,,,,44.64,54.38
2026-03-24T22:00:00Z,AMF,amf-01,5195.0,5135.0,,,,,,,,43.38,52.67
2026-03-24T21:30:00Z,AMF,amf-02,5206.0,5072.0,,,,,,,,67.44,48.33
2026-03-24T21:45:00Z,AMF,amf-02,5034.0,5006.0,,,,,,,,64.29,48.44
2026-03-24T22:00:00Z,AMF,amf-02,4490.0,4398.0,,,,,,,,67.87,42.54
2026-03-24T21:30:00Z,SMF,smf-01,,,4679.0,4603.0,171.0,,,,,50.2,61.85
2026-03-24T21:45:00Z,SMF,smf-01,,,6513.0,6393.0,250.0,,,,,49.71,61.26
2026-03-24T22:00:00Z,SMF,smf-01,,,6881.0,6760.0,148.0,,,,,48.21,66.13
2026-03-24T21:30:00Z,SMF,smf-02,,,7119.0,6905.0,310.0,,,,,51.61,68.08
2026-03-24T21:45:00Z,SMF,smf-02,,,7652.0,7442.0,390.0,,,,,59.81,66.53
2026-03-24T22:00:00Z,SMF,smf-02,,,4741.0,4628.0,339.0,,,,,54.91,70.68
2026-03-24T21:30:00Z,UPF,upf-01,,,,,,12724668.0,9016395.0,596.0,245.0,61.58,50.46
2026-03-24T21:45:00Z,UPF,upf-01,,,,,,11714910.0,7577740.0,370.0,250.0,57.08,54.65
2026-03-24T22:00:00Z,UPF,upf-01,,,,,,13213780.0,9388492.0,704.0,308.0,61.55,56.43
2026-03-24T21:30:00Z,UPF,upf-02,,,,,,11370748.0,7051554.0,375.0,383.0,58.42,39.57
2026-03-24T21:45:00Z,UPF,upf-02,,,,,,12406254.0,9222099.0,966.0,441.0,60.56,44.45
2026-03-24T22:00:00Z,UPF,upf-02,,,,,,10127045.0,7268699.0,917.0,102.0,61.16,46.14
2026-03-24T22:00:00Z,AMF,amf-01,4301.0,4240.0,,,,,,,,45.03,71.73
2026-03-24T22:15:00Z,AMF,amf-01,6404.0,6222.0,,,,,,,,51.69,69.99
2026-03-24T22:30:00Z,AMF,amf-01,5142.0,4991.0,,,,,,,,46.62,72.14
2026-03-24T22:00:00Z,AMF,amf-02,4275.0,4182.0,,,,,,,,42.34,80.28
2026-03-24T22:15:00Z,AMF,amf-02,5062.0,4950.0,,,,,,,,39.36,71.42
2026-03-24T22:30:00Z,AMF,amf-02,5501.0,5408.0,,,,,,,,42.47,76.72
2026-03-24T22:00:00Z,SMF,smf-01,,,5773.0,5685.0,320.0,,,,,51.28,70.44
2026-03-24T22:15:00Z,SMF,smf-01,,,7350.0,7153.0,242.0,,,,,49.31,62.68
2026-03-24T22:30:00Z,SMF,smf-01,,,6935.0,6805.0,400.0,,,,,57.67,70.58
2026-03-24T22:00:00Z,SMF,smf-02,,,7119.0,7022.0,328.0,,,,,40.93,64.68
2026-03-24T22:15:00Z,SMF,smf-02,,,8043.0,7790.0,331.0,,,,,48.43,68.79
2026-03-24T22:30:00Z,SMF,smf-02,,,6460.0,6386.0,280.0,,,,,45.88,65.16
2026-03-24T22:00:00Z,UPF,upf-01,,,,,,12863899.0,10117416.0,349.0,358.0,75.57,62.0
2026-03-24T22:15:00Z,UPF,upf-01,,,,,,13327234.0,10518034.0,520.0,348.0,78.87,59.33
2026-03-24T22:30:00Z,UPF,upf-01,,,,,,15508242.0,9751773.0,4399.0,1356.0,80.13,55.99
2026-03-24T22:00:00Z,UPF,upf-02,,,,,,15616945.0,12057452.0,932.0,169.0,70.45,53.85
2026-03-24T22:15:00Z,UPF,upf-02,,,,,,11993717.0,8330392.0,226.0,392.0,66.64,53.02
2026-03-24T22:30:00Z,UPF,upf-02,,,,,,10950853.0,8269534.0,144.0,458.0,59.68,58.45
2026-03-24T22:30:00Z,AMF,amf-01,4311.0,4244.0,,,,,,,,67.35,64.29
2026-03-24T22:45:00Z,AMF,amf-01,4959.0,4824.0,,,,,,,,77.49,56.92
2026-03-24T23:00:00Z,AMF,amf-01,3843.0,3797.0,,,,,,,,71.21,63.86
2026-03-24T22:30:00Z,AMF,amf-02,4482.0,4429.0,,,,,,,,48.6,61.16
2026-03-24T22:45:00Z,AMF,amf-02,4508.0,4408.0,,,,,,,,51.79,60.35
2026-03-24T23:00:00Z,AMF,amf-02,4684.0,4611.0,,,,,,,,45.21,60.71
2026-03-24T22:30:00Z,SMF,smf-01,,,7133.0,7031.0,111.0,,,,,57.55,58.12
2026-03-24T22:45:00Z,SMF,smf-01,,,5969.0,5811.0,124.0,,,,,62.94,52.73
2026-03-24T23:00:00Z,SMF,smf-01,,,7018.0,6916.0,169.0,,,,,58.63,56.45
2026-03-24T22:30:00Z,SMF,smf-02,,,8268.0,7951.0,259.0,,,,,60.17,56.48
2026-03-24T22:45:00Z,SMF,smf-02,,,5191.0,5082.0,337.0,,,,,66.35,50.87
2026-03-24T23:00:00Z,SMF,smf-02,,,6996.0,6751.0,102.0,,,,,60.0,51.84
2026-03-24T22:30:00Z,UPF,upf-01,,,,,,14584902.0,9285299.0,889.0,206.0,44.53,52.63
2026-03-24T22:45:00Z,UPF,upf-01,,,,,,10609775.0,7853344.0,628.0,422.0,42.29,50.54
2026-03-24T23:00:00Z,UPF,upf-01,,,,,,14237267.0,10963580.0,757.0,150.0,46.37,47.13
2026-03-24T22:30:00Z,UPF,upf-02,,,,,,11962179.0,8750134.0,624.0,115.0,72.59,49.26
2026-03-24T22:45:00Z,UPF,upf-02,,,,,,12044765.0,8558142.0,699.0,69.0,65.05,45.16
2026-03-24T23:00:00Z,UPF,upf-02,,,,,,11853407.0,8013958.0,898.0,237.0,68.84,47.13
2026-03-24T23:00:00Z,AMF,amf-01,5393.0,5299.0,,,,,,,,62.52,41.06
2026-03-24T23:15:00Z,AMF,amf-01,4777.0,4683.0,,,,,,,,62.02,45.6
2026-03-24T23:30:00Z,AMF,amf-01,5483.0,5399.0,,,,,,,,69.9,45.41
2026-03-24T23:00:00Z,AMF,amf-02,3920.0,3891.0,,,,,,,,48.88,67.1
2026-03-24T23:15:00Z,AMF,amf-02,4191.0,4113.0,,,,,,,,49.35,75.16
2026-03-24T23:30:00Z,AMF,amf-02,4655.0,4517.0,,,,,,,,52.67,70.02
2026-03-24T23:00:00Z,SMF,smf-01,,,5686.0,5590.0,159.0,,,,,51.16,41.56
2026-03-24T23:15:00Z,SMF,smf-01,,,5260.0,5214.0,137.0,,,,,47.41,47.74
2026-03-24T23:30:00Z,SMF,smf-01,,,6249.0,6063.0,203.0,,,,,53.78,49.45
2026-03-24T23:00:00Z,SMF,smf-02,,,7058.0,6988.0,353.0,,,,,60.68,47.15
2026-03-24T23:15:00Z,SMF,smf-02,,,5738.0,5615.0,148.0,,,,,55.43,47.72
2026-03-24T23:30:00Z,SMF,smf-02,,,7497.0,7433.0,195.0,,,,,53.07,50.24
2026-03-24T23:00:00Z,UPF,upf-01,,,,,,12153934.0,9717488.0,552.0,166.0,51.89,51.31
2026-03-24T23:15:00Z,UPF,upf-01,,,,,,10106492.0,7116397.0,215.0,170.0,45.16,49.68
2026-03-24T23:30:00Z,UPF,upf-01,,,,,,11137662.0,7884082.0,294.0,127.0,49.87,55.57
2026-03-24T23:00:00Z,UPF,upf-02,,,,,,15323439.0,11017514.0,932.0,138.0,58.1,42.71
2026-03-24T23:15:00Z,UPF,upf-02,,,,,,12042531.0,7916712.0,820.0,492.0,66.88,44.72
2026-03-24T23:30:00Z,UPF,upf-02,,,,,,13698811.0,8951577.0,464.0,419.0,69.02,39.19
2026-03-24T23:30:00Z,AMF,amf-01,4925.0,4871.0,,,,,,,,41.53,65.22
2026-03-24T23:45:00Z,AMF,amf-01,3810.0,3707.0,,,,,,,,43.64,65.92
2026-03-25T00:00:00Z,AMF,amf-01,5007.0,4901.0,,,,,,,,46.58,70.13
2026-03-24T23:30:00Z,AMF,amf-02,5062.0,4989.0,,,,,,,,62.94,52.7
2026-03-24T23:45:00Z,AMF,amf-02,4638.0,4508.0,,,,,,,,62.08,52.75
2026-03-25T00:00:00Z,AMF,amf-02,4460.0,4335.0,,,,,,,,64.39,51.15
2026-03-24T23:30:00Z,SMF,smf-01,,,6675.0,6558.0,378.0,,,,,39.65,39.86
2026-03-24T23:45:00Z,SMF,smf-01,,,4762.0,4604.0,253.0,,,,,40.72,46.43
2026-03-25T00:00:00Z,SMF,smf-01,,,8363.0,8138.0,319.0,,,,,39.29,40.02
2026-03-24T23:30:00Z,SMF,smf-02,,,7013.0,6969.0,299.0,,,,,53.48,42.13
2026-03-24T23:45:00Z,SMF,smf-02,,,5435.0,5282.0,385.0,,,,,58.06,41.0
2026-03-25T00:00:00Z,SMF,smf-02,,,6972.0,6814.0,128.0,,,,,52.2,43.83
2026-03-24T23:30:00Z,UPF,upf-01,,,,,,10623600.0,7903149.0,610.0,471.0,62.95,49.14
2026-03-24T23:45:00Z,UPF,upf-01,,,,,,13076010.0,9241533.0,861.0,409.0,68.28,58.31
2026-03-25T00:00:00Z,UPF,upf-01,,,,,,11338466.0,7422105.0,734.0,232.0,62.16,59.11
2026-03-24T23:30:00Z,UPF,upf-02,,,,,,9718480.0,6889755.0,276.0,146.0,61.16,55.88
2026-03-24T23:45:00Z,UPF,upf-02,,,,,,10685598.0,7391866.0,556.0,401.0,59.55,57.83
2026-03-25T00:00:00Z,UPF,upf-02,,,,,,12557561.0,8201010.0,679.0,474.0,60.34,59.56
2026-03-25T00:00:00Z,AMF,amf-01,3849.0,3756.0,,,,,,,,56.16,52.06
2026-03-25T00:15:00Z,AMF,amf-01,5280.0,5166.0,,,,,,,,51.23,51.48
2026-03-25T00:30:00Z,AMF,amf-01,5196.0,5146.0,,,,,,,,60.24,49.93
2026-03-25T00:00:00Z,AMF,amf-02,4895.0,4771.0,,,,,,,,48.17,50.37
2026-03-25T00:15:00Z,AMF,amf-02,4214.0,4111.0,,,,,,,,44.72,45.66
2026-03-25T00:30:00Z,AMF,amf-02,4631.0,4585.0,,,,,,,,46.99,46.03
2026-03-25T00:00:00Z,SMF,smf-01,,,7532.0,7315.0,102.0,,,,,44.93,52.28
2026-03-25T00:15:00Z,SMF,smf-01,,,5152.0,5023.0,119.0,,,,,48.0,48.56
2026-03-25T00:30:00Z,SMF,smf-01,,,6247.0,6165.0,292.0,,,,,42.92,56.79
2026-03-25T00:00:00Z,SMF,smf-02,,,6482.0,6229.0,171.0,,,,,63.12,51.96
2026-03-25T00:15:00Z,SMF,smf-02,,,7086.0,7037.0,256.0,,,,,57.31,45.93
2026-03-25T00:30:00Z,SMF,smf-02,,,7735.0,7436.0,244.0,,,,,56.75,53.38
2026-03-25T00:00:00Z,UPF,upf-01,,,,,,11247125.0,6875611.0,880.0,158.0,41.08,62.25
2026-03-25T00:15:00Z,UPF,upf-01,,,,,,12768244.0,8598003.0,484.0,258.0,40.96,57.68
2026-03-25T00:30:00Z,UPF,upf-01,,,,,,14888572.0,10419528.0,691.0,241.0,37.05,63.06
2026-03-25T00:00:00Z,UPF,upf-02,,,,,,11433693.0,8160840.0,724.0,264.0,72.91,58.61
2026-03-25T00:15:00Z,UPF,upf-02,,,,,,12443849.0,9121360.0,715.0,455.0,65.53,59.55
2026-03-25T00:30:00Z,UPF,upf-02,,,,,,12986099.0,8093428.0,203.0,271.0,73.5,62.65
2026-03-25T00:30:00Z,AMF,amf-01,4648.0,4560.0,,,,,,,,79.75,52.96
2026-03-25T00:45:00Z,AMF,amf-01,4091.0,4007.0,,,,,,,,78.27,60.33
2026-03-25T01:00:00Z,AMF,amf-01,4698.0,4579.0,,,,,,,,68.95,57.65
2026-03-25T00:30:00Z,AMF,amf-02,5606.0,5499.0,,,,,,,,71.27,67.04
2026-03-25T00:45:00Z,AMF,amf-02,4841.0,4800.0,,,,,,,,76.78,61.07
2026-03-25T01:00:00Z,AMF,amf-02,5869.0,5834.0,,,,,,,,80.33,71.28
2026-03-25T00:30:00Z,SMF,smf-01,,,7090.0,6879.0,315.0,,,,,70.21,65.93
2026-03-25T00:45:00Z,SMF,smf-01,,,8040.0,7769.0,356.0,,,,,77.53,70.09
2026-03-25T01:00:00Z,SMF,smf-01,,,5234.0,5096.0,295.0,,,,,81.9,67.56
2026-03-25T00:30:00Z,SMF,smf-02,,,4855.0,4706.0,287.0,,,,,70.85,53.13
2026-03-25T00:45:00Z,SMF,smf-02,,,5875.0,5718.0,342.0,,,,,75.9,51.68
2026-03-25T01:00:00Z,SMF,smf-02,,,6825.0,6650.0,238.0,,,,,79.37,47.25
2026-03-25T00:30:00Z,UPF,upf-01,,,,,,13422374.0,10280905.0,553.0,439.0,54.88,38.13
2026-03-25T00:45:00Z,UPF,upf-01,,,,,,10769306.0,7609301.0,604.0,438.0,61.05,42.9
2026-03-25T01:00:00Z,UPF,upf-01,,,,,,10604876.0,6957490.0,652.0,458.0,62.21,44.63
2026-03-25T00:30:00Z,UPF,upf-02,,,,,,13214740.0,7986298.0,857.0,308.0,45.7,49.04
2026-03-25T00:45:00Z,UPF,upf-02,,,,,,12128807.0,9189545.0,892.0,271.0,42.23,55.78
2026-03-25T01:00:00Z,UPF,upf-02,,,,,,11942919.0,9308685.0,306.0,331.0,46.57,56.92
2026-03-25T01:00:00Z,AMF,amf-01,5025.0,4913.0,,,,,,,,47.3,70.66
2026-03-25T01:15:00Z,AMF,amf-01,4551.0,4443.0,,,,,,,,45.18,66.11
2026-03-25T01:30:00Z,AMF,amf-01,6556.0,6496.0,,,,,,,,41.51,66.22
2026-03-25T01:00:00Z,AMF,amf-02,5263.0,5116.0,,,,,,,,79.05,38.81
2026-03-25T01:15:00Z,AMF,amf-02,5935.0,5900.0,,,,,,,,87.72,43.5
2026-03-25T01:30:00Z,AMF,amf-02,4117.0,4036.0,,,,,,,,74.18,43.86
2026-03-25T01:00:00Z,SMF,smf-01,,,5994.0,5936.0,119.0,,,,,69.92,50.9
2026-03-25T01:15:00Z,SMF,smf-01,,,7567.0,7413.0,304.0,,,,,72.47,51.0
2026-03-25T01:30:00Z,SMF,smf-01,,,6197.0,6099.0,378.0,,,,,69.23,54.14
2026-03-25T01:00:00Z,SMF,smf-02,,,5483.0,5266.0,361.0,,,,,67.0,72.46
2026-03-25T01:15:00Z,SMF,smf-02,,,6019.0,5832.0,317.0,,,,,76.04,73.29
2026-03-25T01:30:00Z,SMF,smf-02,,,5365.0,5275.0,341.0,,,,,67.43,74.51
2026-03-25T01:00:00Z,UPF,upf-01,,,,,,11123092.0,8092594.0,355.0,466.0,56.76,64.8
2026-03-25T01:15:00Z,UPF,upf-01,,,,,,13266351.0,9243197.0,504.0,366.0,60.46,68.04
2026-03-25T01:30:00Z,UPF,upf-01,,,,,,10158007.0,6641427.0,918.0,225.0,62.32,59.0
2026-03-25T01:00:00Z,UPF,upf-02,,,,,,11955493.0,8923256.0,576.0,401.0,58.21,66.0
2026-03-25T01:15:00Z,UPF,upf-02,,,,,,13646339.0,8413909.0,673.0,490.0,55.44,66.81
2026-03-25T01:30:00Z,UPF,upf-02,,,,,,14300027.0,11406646.0,809.0,418.0,55.23,67.61
2026-03-25T01:30:00Z,AMF,amf-01,4274.0,4222.0,,,,,,,,57.87,47.07
2026-03-25T01:45:00Z,AMF,amf-01,5878.0,5814.0,,,,,,,,58.13,53.54
2026-03-25T02:00:00Z,AMF,amf-01,5389.0,5236.0,,,,,,,,60.68,49.49
2026-03-25T01:30:00Z,AMF,amf-02,4972.0,4908.0,,,,,,,,51.77,48.61
2026-03-25T01:45:00Z,AMF,amf-02,5576.0,5432.0,,,,,,,,54.58,50.65
2026-03-25T02:00:00Z,AMF,amf-02,5449.0,5408.0,,,,,,,,54.47,43.25
2026-03-25T01:30:00Z,SMF,smf-01,,,5541.0,5414.0,225.0,,,,,37.86,68.55
2026-03-25T01:45:00Z,SMF,smf-01,,,5461.0,5409.0,251.0,,,,,45.75,72.56
2026-03-25T02:00:00Z,SMF,smf-01,,,5375.0,5215.0,115.0,,,,,45.36,69.39
2026-03-25T01:30:00Z,SMF,smf-02,,,5867.0,5782.0,290.0,,,,,75.43,40.69
2026-03-25T01:45:00Z,SMF,smf-02,,,7225.0,7020.0,312.0,,,,,72.98,46.01
2026-03-25T02:00:00Z,SMF,smf-02,,,6494.0,6345.0,149.0,,,,,75.17,47.35
2026-03-25T01:30:00Z,UPF,upf-01,,,,,,16268369.0,11755003.0,840.0,60.0,59.73,74.05
2026-03-25T01:45:00Z,UPF,upf-01,,,,,,11404949.0,7765198.0,927.0,85.0,54.39,62.99
2026-03-25T02:00:00Z,UPF,upf-01,,,,,,10165677.0,6173051.0,159.0,65.0,57.1,65.8
2026-03-25T01:30:00Z,UPF,upf-02,,,,,,13041835.0,10178794.0,573.0,195.0,69.44,37.14
2026-03-25T01:45:00Z,UPF,upf-02,,,,,,11004261.0,6818252.0,492.0,201.0,72.92,40.24
2026-03-25T02:00:00Z,UPF,upf-02,,,,,,14065223.0,10136645.0,738.0,193.0,69.56,37.76
2026-03-25T02:00:00Z,AMF,amf-01,5544.0,5492.0,,,,,,,,56.96,52.76
2026-03-25T02:15:00Z,AMF,amf-01,5223.0,5097.0,,,,,,,,59.67,46.95
2026-03-25T02:30:00Z,AMF,amf-01,4888.0,4758.0,,,,,,,,53.58,44.97
2026-03-25T02:00:00Z,AMF,amf-02,5040.0,4979.0,,,,,,,,64.71,58.25
2026-03-25T02:15:00Z,AMF,amf-02,5454.0,5410.0,,,,,,,,71.99,55.67
2026-03-25T02:30:00Z,AMF,amf-02,4461.0,4366.0,,,,,,,,74.77,61.69
2026-03-25T02:00:00Z,SMF,smf-01,,,6710.0,6454.0,193.0,,,,,44.2,53.36
2026-03-25T02:15:00Z,SMF,smf-01,,,5604.0,5553.0,122.0,,,,,43.63,51.08
2026-03-25T02:30:00Z,SMF,smf-01,,,5977.0,5741.0,292.0,,,,,45.91,51.85
2026-03-25T02:00:00Z,SMF,smf-02,,,6590.0,6345.0,287.0,,,,,51.06,60.41
2026-03-25T02:15:00Z,SMF,smf-02,,,7025.0,6941.0,378.0,,,,,55.08,64.41
2026-03-25T02:30:00Z,SMF,smf-02,,,8186.0,8086.0,183.0,,,,,47.59,58.49
2026-03-25T02:00:00Z,UPF,upf-01,,,,,,13664425.0,9903850.0,372.0,243.0,68.83,56.14
2026-03-25T02:15:00Z,UPF,upf-01,,,,,,12139068.0,7920820.0,192.0,52.0,62.84,49.31
2026-03-25T02:30:00Z,UPF,upf-01,,,,,,14719356.0,10380544.0,511.0,419.0,65.64,53.1
2026-03-25T02:00:00Z,UPF,upf-02,,,,,,14049304.0,10042448.0,334.0,439.0,62.75,58.53
2026-03-25T02:15:00Z,UPF,upf-02,,,,,,15467102.0,11143979.0,241.0,219.0,61.86,69.01
2026-03-25T02:30:00Z,UPF,upf-02,,,,,,13255659.0,8494993.0,296.0,498.0,58.96,65.24
2026-03-25T02:30:00Z,AMF,amf-01,4893.0,4787.0,,,,,,,,53.75,57.06
2026-03-25T02:45:00Z,AMF,amf-01,5166.0,5125.0,,,,,,,,53.57,55.61
2026-03-25T03:00:00Z,AMF,amf-01,5560.0,5460.0,,,,,,,,54.36,56.37
2026-03-25T02:30:00Z,AMF,amf-02,5577.0,5539.0,,,,,,,,74.94,57.82
2026-03-25T02:45:00Z,AMF,amf-02,5089.0,5006.0,,,,,,,,77.08,67.86
2026-03-25T03:00:00Z,AMF,amf-02,4224.0,4169.0,,,,,,,,75.17,64.47
2026-03-25T02:30:00Z,SMF,smf-01,,,6720.0,6634.0,183.0,,,,,72.84,46.75
2026-03-25T02:45:00Z,SMF,smf-01,,,6994.0,6791.0,175.0,,,,,71.51,43.2
2026-03-25T03:00:00Z,SMF,smf-01,,,6805.0,6683.0,293.0,,,,,65.81,40.47
2026-03-25T02:30:00Z,SMF,smf-02,,,4543.0,4469.0,320.0,,,,,59.39,67.25
2026-03-25T02:45:00Z,SMF,smf-02,,,6562.0,6303.0,283.0,,,,,61.04,73.2
2026-03-25T03:00:00Z,SMF,smf-02,,,6418.0,6172.0,245.0,,,,,66.1,66.3
2026-03-25T02:30:00Z,UPF,upf-01,,,,,,12046220.0,8263774.0,410.0,389.0,64.13,63.59
2026-03-25T02:45:00Z,UPF,upf-01,,,,,,11831304.0,8944407.0,550.0,335.0,64.53,72.57
2026-03-25T03:00:00Z,UPF,upf-01,,,,,,9663501.0,6342340.0,395.0,286.0,60.77,61.96
2026-03-25T02:30:00Z,UPF,upf-02,,,,,,13311986.0,8652017.0,252.0,80.0,69.14,55.2
2026-03-25T02:45:00Z,UPF,upf-02,,,,,,11961162.0,7788761.0,222.0,465.0,73.62,56.35
2026-03-25T03:00:00Z,UPF,upf-02,,,,,,12947654.0,9883605.0,455.0,112.0,70.43,56.75
2026-03-25T03:00:00Z,AMF,amf-01,4677.0,4552.0,,,,,,,,52.3,63.74
2026-03-25T03:15:00Z,AMF,amf-01,5737.0,5618.0,,,,,,,,52.02,73.69
2026-03-25T03:30:00Z,AMF,amf-01,5997.0,5942.0,,,,,,,,58.66,68.13
2026-03-25T03:00:00Z,AMF,amf-02,4689.0,4595.0,,,,,,,,69.85,64.49
2026-03-25T03:15:00Z,AMF,amf-02,5816.0,5692.0,,,,,,,,73.76,54.79
2026-03-25T03:30:00Z,AMF,amf-02,4955.0,4915.0,,,,,,,,72.71,60.38
2026-03-25T03:00:00Z,SMF,smf-01,,,6667.0,6426.0,106.0,,,,,57.75,51.84
2026-03-25T03:15:00Z,SMF,smf-01,,,8090.0,7858.0,144.0,,,,,53.66,57.22
2026-03-25T03:30:00Z,SMF,smf-01,,,7594.0,7331.0,105.0,,,,,55.21,56.94
2026-03-25T03:00:00Z,SMF,smf-02,,,6490.0,6419.0,305.0,,,,,67.2,49.34
2026-03-25T03:15:00Z,SMF,smf-02,,,4777.0,4662.0,208.0,,,,,67.17,52.48
2026-03-25T03:30:00Z,SMF,smf-02,,,7991.0,7889.0,276.0,,,,,63.28,57.66
2026-03-25T03:00:00Z,UPF,upf-01,,,,,,15432047.0,10272495.0,818.0,481.0,43.12,62.19
2026-03-25T03:15:00Z,UPF,upf-01,,,,,,12835073.0,9823807.0,215.0,108.0,45.2,59.42
2026-03-25T03:30:00Z,UPF,upf-01,,,,,,10461222.0,6384049.0,839.0,248.0,47.39,59.89
2026-03-25T03:00:00Z,UPF,upf-02,,,,,,12922741.0,9216256.0,334.0,233.0,44.76,46.23
2026-03-25T03:15:00Z,UPF,upf-02,,,,,,10804397.0,8064002.0,640.0,338.0,42.12,46.73
2026-03-25T03:30:00Z,UPF,upf-02,,,,,,9988240.0,6305876.0,142.0,301.0,47.8,48.98
2026-03-25T03:30:00Z,AMF,amf-01,4885.0,4747.0,,,,,,,,42.94,56.4
2026-03-25T03:45:00Z,AMF,amf-01,5762.0,5695.0,,,,,,,,45.2,47.83
2026-03-25T04:00:00Z,AMF,amf-01,3749.0,3668.0,,,,,,,,45.48,52.92
2026-03-25T03:30:00Z,AMF,amf-02,6260.0,6083.0,,,,,,,,49.32,46.7
2026-03-25T03:45:00Z,AMF,amf-02,5192.0,5162.0,,,,,,,,44.99,45.97
2026-03-25T04:00:00Z,AMF,amf-02,6215.0,6126.0,,,,,,,,47.42,47.92
2026-03-25T03:30:00Z,SMF,smf-01,,,5241.0,5172.0,275.0,,,,,71.14,50.57
2026-03-25T03:45:00Z,SMF,smf-01,,,7406.0,7332.0,141.0,,,,,74.43,60.7
2026-03-25T04:00:00Z,SMF,smf-01,,,7534.0,7272.0,197.0,,,,,64.47,52.93
2026-03-25T03:30:00Z,SMF,smf-02,,,6922.0,6730.0,262.0,,,,,79.58,43.59
2026-03-25T03:45:00Z,SMF,smf-02,,,6062.0,5961.0,207.0,,,,,80.75,41.16
2026-03-25T04:00:00Z,SMF,smf-02,,,8592.0,8386.0,330.0,,,,,85.22,40.12
2026-03-25T03:30:00Z,UPF,upf-01,,,,,,12040847.0,8224346.0,432.0,465.0,67.34,43.73
2026-03-25T03:45:00Z,UPF,upf-01,,,,,,11514447.0,8214605.0,515.0,127.0,79.12,39.42
2026-03-25T04:00:00Z,UPF,upf-01,,,,,,11923939.0,9200280.0,148.0,250.0,66.92,39.47
2026-03-25T03:30:00Z,UPF,upf-02,,,,,,10883006.0,8073109.0,362.0,146.0,63.6,56.98
2026-03-25T03:45:00Z,UPF,upf-02,,,,,,10001980.0,7444262.0,468.0,168.0,69.84,63.84
2026-03-25T04:00:00Z,UPF,upf-02,,,,,,13274640.0,8351530.0,775.0,321.0,62.21,64.89
2026-03-25T04:00:00Z,AMF,amf-01,3988.0,3874.0,,,,,,,,55.22,62.72
2026-03-25T04:15:00Z,AMF,amf-01,4250.0,4143.0,,,,,,,,48.52,58.87
2026-03-25T04:30:00Z,AMF,amf-01,4782.0,4642.0,,,,,,,,51.3,66.3
2026-03-25T04:00:00Z,AMF,amf-02,4771.0,4651.0,,,,,,,,74.95,59.11
2026-03-25T04:15:00Z,AMF,amf-02,4928.0,4888.0,,,,,,,,66.71,58.27
2026-03-25T04:30:00Z,AMF,amf-02,4748.0,4696.0,,,,,,,,75.83,58.14
2026-03-25T04:00:00Z,SMF,smf-01,,,7690.0,7493.0,104.0,,,,,38.39,56.89
2026-03-25T04:15:00Z,SMF,smf-01,,,7097.0,7003.0,394.0,,,,,45.49,61.4
2026-03-25T04:30:00Z,SMF,smf-01,,,7980.0,7798.0,317.0,,,,,39.79,63.69
2026-03-25T04:00:00Z,SMF,smf-02,,,5754.0,5536.0,362.0,,,,,71.8,71.14
2026-03-25T04:15:00Z,SMF,smf-02,,,7915.0,7789.0,118.0,,,,,62.84,64.3
2026-03-25T04:30:00Z,SMF,smf-02,,,7531.0,7430.0,251.0,,,,,62.22,68.76
2026-03-25T04:00:00Z,UPF,upf-01,,,,,,12193727.0,7359099.0,968.0,207.0,42.41,41.11
2026-03-25T04:15:00Z,UPF,upf-01,,,,,,13213635.0,10246143.0,462.0,435.0,46.35,39.23
2026-03-25T04:30:00Z,UPF,upf-01,,,,,,12326571.0,9637405.0,441.0,55.0,44.84,39.73
2026-03-25T04:00:00Z,UPF,upf-02,,,,,,10214568.0,7676083.0,499.0,281.0,65.52,48.13
2026-03-25T04:15:00Z,UPF,upf-02,,,,,,10491533.0,7308409.0,394.0,334.0,76.25,49.33
2026-03-25T04:30:00Z,UPF,upf-02,,,,,,12730419.0,8277057.0,697.0,133.0,72.54,49.89
2026-03-25T04:30:00Z,AMF,amf-01,5811.0,5654.0,,,,,,,,47.67,45.91
2026-03-25T04:45:00Z,AMF,amf-01,6332.0,6179.0,,,,,,,,42.71,42.38
2026-03-25T05:00:00Z,AMF,amf-01,5162.0,5070.0,,,,,,,,41.85,45.08
2026-03-25T04:30:00Z,AMF,amf-02,4699.0,4596.0,,,,,,,,47.32,66.65
2026-03-25T04:45:00Z,AMF,amf-02,4186.0,4132.0,,,,,,,,49.65,67.16
2026-03-25T05:00:00Z,AMF,amf-02,4585.0,4459.0,,,,,,,,44.23,63.77
2026-03-25T04:30:00Z,SMF,smf-01,,,5483.0,5367.0,255.0,,,,,54.94,40.02
2026-03-25T04:45:00Z,SMF,smf-01,,,7415.0,7373.0,391.0,,,,,55.52,39.09
2026-03-25T05:00:00Z,SMF,smf-01,,,4748.0,4688.0,233.0,,,,,55.02,43.62
2026-03-25T04:30:00Z,SMF,smf-02,,,6698.0,6624.0,161.0,,,,,61.27,52.88
2026-03-25T04:45:00Z,SMF,smf-02,,,6865.0,6718.0,301.0,,,,,51.96,50.0
2026-03-25T05:00:00Z,SMF,smf-02,,,8145.0,8024.0,390.0,,,,,59.75,59.45
2026-03-25T04:30:00Z,UPF,upf-01,,,,,,10667971.0,7048970.0,996.0,270.0,79.47,60.12
2026-03-25T04:45:00Z,UPF,upf-01,,,,,,14581618.0,8772710.0,443.0,174.0,71.82,65.22
2026-03-25T05:00:00Z,UPF,upf-01,,,,,,15524289.0,10719624.0,265.0,240.0,79.35,55.7
2026-03-25T04:30:00Z,UPF,upf-02,,,,,,11713198.0,8702142.0,745.0,498.0,73.85,37.77
2026-03-25T04:45:00Z,UPF,upf-02,,,,,,10224300.0,6390875.0,311.0,389.0,64.05,40.32
2026-03-25T05:00:00Z,UPF,upf-02,,,,,,11269308.0,7176880.0,725.0,329.0,64.2,44.52
2026-03-25T05:00:00Z,AMF,amf-01,4584.0,4552.0,,,,,,,,38.73,52.06
2026-03-25T05:15:00Z,AMF,amf-01,4551.0,4480.0,,,,,,,,41.52,48.94
2026-03-25T05:30:00Z,AMF,amf-01,5159.0,5016.0,,,,,,,,42.78,46.18
2026-03-25T05:00:00Z,AMF,amf-02,3872.0,3804.0,,,,,,,,67.06,58.4
2026-03-25T05:15:00Z,AMF,amf-02,4480.0,4376.0,,,,,,,,61.21,55.0
2026-03-25T05:30:00Z,AMF,amf-02,5970.0,5821.0,,,,,,,,69.72,62.17
2026-03-25T05:00:00Z,SMF,smf-01,,,6957.0,6895.0,272.0,,,,,50.33,67.71
2026-03-25T05:15:00Z,SMF,smf-01,,,6185.0,5990.0,362.0,,,,,52.27,67.93
2026-03-25T05:30:00Z,SMF,smf-01,,,5981.0,5869.0,333.0,,,,,48.1,67.75
2026-03-25T05:00:00Z,SMF,smf-02,,,5610.0,5497.0,248.0,,,,,67.17,65.82
2026-03-25T05:15:00Z,SMF,smf-02,,,7715.0,7504.0,136.0,,,,,61.75,76.26
2026-03-25T05:30:00Z,SMF,smf-02,,,8208.0,8155.0,151.0,,,,,64.84,76.29
2026-03-25T05:00:00Z,UPF,upf-01,,,,,,12663772.0,8220279.0,296.0,285.0,57.19,55.97
2026-03-25T05:15:00Z,UPF,upf-01,,,,,,14744899.0,10996069.0,240.0,454.0,61.32,59.82
2026-03-25T05:30:00Z,UPF,upf-01,,,,,,13647853.0,9615714.0,139.0,388.0,64.67,62.33
2026-03-25T05:00:00Z,UPF,upf-02,,,,,,11102112.0,8074279.0,710.0,152.0,60.29,55.4
2026-03-25T05:15:00Z,UPF,upf-02,,,,,,13877567.0,9857996.0,935.0,466.0,56.95,54.12
2026-03-25T05:30:00Z,UPF,upf-02,,,,,,10817521.0,6956806.0,503.0,149.0,54.92,53.03
2026-03-25T05:30:00Z,AMF,amf-01,4117.0,4059.0,,,,,,,,55.03,76.66
2026-03-25T05:45:00Z,AMF,amf-01,5776.0,5668.0,,,,,,,,55.44,70.67
2026-03-25T06:00:00Z,AMF,amf-01,5167.0,5046.0,,,,,,,,56.66,72.3
2026-03-25T05:30:00Z,AMF,amf-02,3883.0,3829.0,,,,,,,,57.85,45.96
2026-03-25T05:45:00Z,AMF,amf-02,4797.0,4655.0,,,,,,,,58.19,43.26
2026-03-25T06:00:00Z,AMF,amf-02,4643.0,4568.0,,,,,,,,58.81,42.5
2026-03-25T05:30:00Z,SMF,smf-01,,,6584.0,6442.0,340.0,,,,,53.85,50.96
2026-03-25T05:45:00Z,SMF,smf-01,,,5384.0,5175.0,125.0,,,,,59.78,56.23
2026-03-25T06:00:00Z,SMF,smf-01,,,4942.0,4824.0,391.0,,,,,52.73,47.87
2026-03-25T05:30:00Z,SMF,smf-02,,,5058.0,5004.0,179.0,,,,,55.86,48.58
2026-03-25T05:45:00Z,SMF,smf-02,,,5934.0,5811.0,240.0,,,,,53.85,50.41
2026-03-25T06:00:00Z,SMF,smf-02,,,4922.0,4886.0,308.0,,,,,53.46,53.28
2026-03-25T05:30:00Z,UPF,upf-01,,,,,,11920580.0,8931355.0,299.0,422.0,47.18,52.66
2026-03-25T05:45:00Z,UPF,upf-01,,,,,,9673767.0,6976789.0,233.0,242.0,41.21,47.25
2026-03-25T06:00:00Z,UPF,upf-01,,,,,,12965641.0,9514260.0,373.0,288.0,43.0,50.47
2026-03-25T05:30:00Z,UPF,upf-02,,,,,,12779507.0,8339279.0,200.0,292.0,55.43,66.57
2026-03-25T05:45:00Z,UPF,upf-02,,,,,,12187125.0,7548455.0,267.0,386.0,51.93,66.21
2026-03-25T06:00:00Z,UPF,upf-02,,,,,,13180004.0,10509450.0,851.0,85.0,47.11,71.02
2026-03-25T06:00:00Z,AMF,amf-01,4671.0,4559.0,,,,,,,,66.82,57.25
2026-03-25T06:15:00Z,AMF,amf-01,3998.0,3959.0,,,,,,,,63.91,66.07
2026-03-25T06:30:00Z,AMF,amf-01,5439.0,5385.0,,,,,,,,67.55,65.76
2026-03-25T06:00:00Z,AMF,amf-02,4834.0,4744.0,,,,,,,,67.76,39.01
2026-03-25T06:15:00Z,AMF,amf-02,4971.0,4847.0,,,,,,,,73.88,43.48
2026-03-25T06:30:00Z,AMF,amf-02,4934.0,4869.0,,,,,,,,72.89,38.99
2026-03-25T06:00:00Z,SMF,smf-01,,,7343.0,7215.0,148.0,,,,,56.09,56.19
2026-03-25T06:15:00Z,SMF,smf-01,,,6154.0,6103.0,389.0,,,,,53.38,62.56
2026-03-25T06:30:00Z,SMF,smf-01,,,6292.0,6047.0,308.0,,,,,56.24,65.36
2026-03-25T06:00:00Z,SMF,smf-02,,,6697.0,6487.0,325.0,,,,,63.48,65.72
2026-03-25T06:15:00Z,SMF,smf-02,,,5635.0,5547.0,191.0,,,,,64.29,63.66
2026-03-25T06:30:00Z,SMF,smf-02,,,8074.0,7971.0,183.0,,,,,62.61,64.21
2026-03-25T06:00:00Z,UPF,upf-01,,,,,,13166912.0,8873868.0,891.0,371.0,71.47,78.92
2026-03-25T06:15:00Z,UPF,upf-01,,,,,,11828844.0,7491251.0,797.0,392.0,75.13,68.07
2026-03-25T06:30:00Z,UPF,upf-01,,,,,,10411989.0,7714790.0,437.0,450.0,76.83,77.26
2026-03-25T06:00:00Z,UPF,upf-02,,,,,,11466004.0,8829087.0,506.0,305.0,55.27,44.61
2026-03-25T06:15:00Z,UPF,upf-02,,,,,,10979694.0,7056841.0,661.0,150.0,56.15,40.41
2026-03-25T06:30:00Z,UPF,upf-02,,,,,,11291160.0,8568588.0,683.0,66.0,48.41,37.88
2026-03-25T06:30:00Z,AMF,amf-01,5618.0,5581.0,,,,,,,,44.32,45.08
2026-03-25T06:45:00Z,AMF,amf-01,5044.0,5014.0,,,,,,,,46.51,43.4
2026-03-25T07:00:00Z,AMF,amf-01,4013.0,3932.0,,,,,,,,42.28,45.85
2026-03-25T06:30:00Z,AMF,amf-02,4132.0,4101.0,,,,,,,,61.84,80.72
2026-03-25T06:45:00Z,AMF,amf-02,4427.0,4342.0,,,,,,,,60.08,70.53
2026-03-25T07:00:00Z,AMF,amf-02,4738.0,4688.0,,,,,,,,60.33,68.7
2026-03-25T06:30:00Z,SMF,smf-01,,,7401.0,7268.0,156.0,,,,,40.9,68.64
2026-03-25T06:45:00Z,SMF,smf-01,,,5882.0,5762.0,327.0,,,,,48.92,61.75
2026-03-25T07:00:00Z,SMF,smf-01,,,4652.0,4491.0,379.0,,,,,41.12,61.84
2026-03-25T06:30:00Z,SMF,smf-02,,,7208.0,7072.0,331.0,,,,,71.81,76.07
2026-03-25T06:45:00Z,SMF,smf-02,,,6581.0,6405.0,256.0,,,,,77.5,75.15
2026-03-25T07:00:00Z,SMF,smf-02,,,6876.0,6755.0,277.0,,,,,69.04,72.87
2026-03-25T06:30:00Z,UPF,upf-01,,,,,,11911761.0,7978915.0,326.0,458.0,38.33,62.65
2026-03-25T06:45:00Z,UPF,upf-01,,,,,,10150506.0,6936552.0,698.0,233.0,45.93,60.14
2026-03-25T07:00:00Z,UPF,upf-01,,,,,,11019608.0,7708351.0,339.0,419.0,42.77,71.96
2026-03-25T06:30:00Z,UPF,upf-02,,,,,,11406506.0,8790457.0,379.0,394.0,58.4,59.16
2026-03-25T06:45:00Z,UPF,upf-02,,,,,,12551788.0,9554065.0,938.0,362.0,58.9,64.25
2026-03-25T07:00:00Z,UPF,upf-02,,,,,,13348743.0,8480029.0,808.0,254.0,61.77,61.66
2026-03-25T07:00:00Z,AMF,amf-01,4729.0,4676.0,,,,,,,,72.13,71.76
2026-03-25T07:15:00Z,AMF,amf-01,6485.0,6316.0,,,,,,,,64.53,63.84
2026-03-25T07:30:00Z,AMF,amf-01,4825.0,4768.0,,,,,,,,72.2,73.17
2026-03-25T07:00:00Z,AMF,amf-02,4587.0,4478.0,,,,,,,,72.3,54.21
2026-03-25T07:15:00Z,AMF,amf-02,5073.0,5023.0,,,,,,,,68.2,52.97
2026-03-25T07:30:00Z,AMF,amf-02,4560.0,4433.0,,,,,,,,71.63,59.34
2026-03-25T07:00:00Z,SMF,smf-01,,,7535.0,7390.0,322.0,,,,,79.86,68.86
2026-03-25T07:15:00Z,SMF,smf-01,,,7419.0,7261.0,220.0,,,,,80.68,65.21
2026-03-25T07:30:00Z,SMF,smf-01,,,7759.0,7573.0,113.0,,,,,76.87,70.1
2026-03-25T07:00:00Z,SMF,smf-02,,,5419.0,5284.0,246.0,,,,,40.8,58.27
2026-03-25T07:15:00Z,SMF,smf-02,,,7870.0,7756.0,387.0,,,,,38.88,66.91
2026-03-25T07:30:00Z,SMF,smf-02,,,7631.0,7438.0,275.0,,,,,42.78,66.98
2026-03-25T07:00:00Z,UPF,upf-01,,,,,,13778875.0,8872286.0,355.0,330.0,45.0,71.17
2026-03-25T07:15:00Z,UPF,upf-01,,,,,,12861563.0,8664346.0,346.0,141.0,43.03,73.83
2026-03-25T07:30:00Z,UPF,upf-01,,,,,,13671068.0,8873362.0,915.0,359.0,42.41,69.74
2026-03-25T07:00:00Z,UPF,upf-02,,,,,,12853048.0,9244049.0,308.0,312.0,62.3,74.31
2026-03-25T07:15:00Z,UPF,upf-02,,,,,,11041317.0,7705691.0,507.0,201.0,53.51,68.69
2026-03-25T07:30:00Z,UPF,upf-02,,,,,,13607141.0,10867802.0,802.0,87.0,54.12,68.65
2026-03-25T07:30:00Z,AMF,amf-01,5214.0,5162.0,,,,,,,,61.97,43.52
2026-03-25T07:45:00Z,AMF,amf-01,5559.0,5447.0,,,,,,,,59.39,47.79
2026-03-25T08:00:00Z,AMF,amf-01,4051.0,3965.0,,,,,,,,62.13,50.59
2026-03-25T07:30:00Z,AMF,amf-02,3949.0,3920.0,,,,,,,,71.19,45.71
2026-03-25T07:45:00Z,AMF,amf-02,4807.0,4738.0,,,,,,,,72.25,50.31
2026-03-25T08:00:00Z,AMF,amf-02,4786.0,4749.0,,,,,,,,69.0,48.59
2026-03-25T07:30:00Z,SMF,smf-01,,,6308.0,6174.0,247.0,,,,,71.04,53.77
2026-03-25T07:45:00Z,SMF,smf-01,,,6633.0,6521.0,116.0,,,,,76.24,54.74
2026-03-25T08:00:00Z,SMF,smf-01,,,7297.0,7024.0,139.0,,,,,81.59,54.06
2026-03-25T07:30:00Z,SMF,smf-02,,,5769.0,5701.0,350.0,,,,,60.57,44.25
2026-03-25T07:45:00Z,SMF,smf-02,,,6153.0,6025.0,379.0,,,,,60.09,44.79
2026-03-25T08:00:00Z,SMF,smf-02,,,7378.0,7255.0,201.0,,,,,60.43,48.69
2026-03-25T07:30:00Z,UPF,upf-01,,,,,,16027665.0,10024794.0,644.0,64.0,40.12,57.34
2026-03-25T07:45:00Z,UPF,upf-01,,,,,,11421843.0,8507711.0,658.0,197.0,41.39,54.95
2026-03-25T08:00:00Z,UPF,upf-01,,,,,,13349388.0,10406304.0,613.0,105.0,45.96,49.46
2026-03-25T07:30:00Z,UPF,upf-02,,,,,,13477997.0,9571012.0,872.0,229.0,49.46,69.93
2026-03-25T07:45:00Z,UPF,upf-02,,,,,,13031951.0,9592792.0,811.0,368.0,44.73,67.54
2026-03-25T08:00:00Z,UPF,upf-02,,,,,,11074012.0,8587302.0,848.0,372.0,47.7,72.77
2026-03-25T08:00:00Z,AMF,amf-01,6235.0,6102.0,,,,,,,,75.31,74.29
2026-03-25T08:15:00Z,AMF,amf-01,4961.0,4883.0,,,,,,,,76.02,66.94
2026-03-25T08:30:00Z,AMF,amf-01,4429.0,4360.0,,,,,,,,66.08,65.8
2026-03-25T08:00:00Z,AMF,amf-02,4492.0,4424.0,,,,,,,,63.28,56.04
2026-03-25T08:15:00Z,AMF,amf-02,4990.0,4880.0,,,,,,,,64.18,64.24
2026-03-25T08:30:00Z,AMF,amf-02,3821.0,3751.0,,,,,,,,68.03,61.97
2026-03-25T08:00:00Z,SMF,smf-01,,,7438.0,7340.0,323.0,,,,,44.69,44.03
2026-03-25T08:15:00Z,SMF,smf-01,,,6759.0,6624.0,193.0,,,,,47.53,41.75
2026-03-25T08:30:00Z,SMF,smf-01,,,5726.0,5542.0,231.0,,,,,47.3,47.0
2026-03-25T08:00:00Z,SMF,smf-02,,,6283.0,6081.0,144.0,,,,,65.43,59.55
2026-03-25T08:15:00Z,SMF,smf-02,,,8107.0,7959.0,372.0,,,,,73.35,56.12
2026-03-25T08:30:00Z,SMF,smf-02,,,6303.0,6087.0,324.0,,,,,65.76,53.2
2026-03-25T08:00:00Z,UPF,upf-01,,,,,,9958589.0,6447965.0,1146.0,598.0,81.04,76.72
2026-03-25T08:15:00Z,UPF,upf-01,,,,,,12730125.0,8654286.0,4334.0,690.0,85.39,73.16
2026-03-25T08:30:00Z,UPF,upf-01,,,,,,11630637.0,9107789.0,2215.0,1258.0,81.02,77.2
2026-03-25T08:00:00Z,UPF,upf-02,,,,,,12921828.0,7991478.0,935.0,246.0,63.16,44.47
2026-03-25T08:15:00Z,UPF,upf-02,,,,,,13323312.0,10308028.0,225.0,294.0,64.29,43.6
2026-03-25T08:30:00Z,UPF,upf-02,,,,,,12518507.0,7577899.0,419.0,150.0,64.15,44.08
2026-03-25T08:30:00Z,AMF,amf-01,4214.0,4144.0,,,,,,,,55.56,75.17
2026-03-25T08:45:00Z,AMF,amf-01,4676.0,4593.0,,,,,,,,60.67,74.74
2026-03-25T09:00:00Z,AMF,amf-01,4874.0,4791.0,,,,,,,,56.56,74.3
2026-03-25T08:30:00Z,AMF,amf-02,5841.0,5788.0,,,,,,,,38.43,81.01
2026-03-25T08:45:00Z,AMF,amf-02,4965.0,4845.0,,,,,,,,38.58,80.21
2026-03-25T09:00:00Z,AMF,amf-02,5171.0,5066.0,,,,,,,,42.1,73.87
2026-03-25T08:30:00Z,SMF,smf-01,,,8099.0,8053.0,243.0,,,,,45.01,47.12
2026-03-25T08:45:00Z,SMF,smf-01,,,6088.0,5952.0,330.0,,,,,43.14,49.9
2026-03-25T09:00:00Z,SMF,smf-01,,,5900.0,5820.0,251.0,,,,,43.44,48.03
2026-03-25T08:30:00Z,SMF,smf-02,,,7088.0,7018.0,301.0,,,,,71.59,66.03
2026-03-25T08:45:00Z,SMF,smf-02,,,5613.0,5408.0,121.0,,,,,70.43,65.63
2026-03-25T09:00:00Z,SMF,smf-02,,,6555.0,6392.0,157.0,,,,,75.64,60.82
2026-03-25T08:30:00Z,UPF,upf-01,,,,,,14667136.0,9102034.0,130.0,53.0,56.7,57.67
2026-03-25T08:45:00Z,UPF,upf-01,,,,,,13329668.0,8771925.0,864.0,162.0,53.73,66.2
2026-03-25T09:00:00Z,UPF,upf-01,,,,,,10945141.0,6714062.0,177.0,93.0,58.25,54.41
2026-03-25T08:30:00Z,UPF,upf-02,,,,,,9559924.0,7259946.0,525.0,358.0,37.93,65.77
2026-03-25T08:45:00Z,UPF,upf-02,,,,,,13314145.0,8029378.0,281.0,80.0,40.54,56.45
2026-03-25T09:00:00Z,UPF,upf-02,,,,,,9395982.0,7139203.0,305.0,350.0,46.12,59.64
2026-03-25T09:00:00Z,AMF,amf-01,4042.0,4007.0,,,,,,,,60.82,38.98
2026-03-25T09:15:00Z,AMF,amf-01,4541.0,4500.0,,,,,,,,56.09,42.24
2026-03-25T09:30:00Z,AMF,amf-01,4395.0,4314.0,,,,,,,,54.39,42.74
2026-03-25T09:00:00Z,AMF,amf-02,4935.0,4896.0,,,,,,,,67.15,54.45
2026-03-25T09:15:00Z,AMF,amf-02,4525.0,4490.0,,,,,,,,70.86,57.01
2026-03-25T09:30:00Z,AMF,amf-02,5843.0,5710.0,,,,,,,,71.73,49.62
2026-03-25T09:00:00Z,SMF,smf-01,,,6166.0,6066.0,120.0,,,,,46.51,65.49
2026-03-25T09:15:00Z,SMF,smf-01,,,8383.0,8057.0,141.0,,,,,48.01,65.04
2026-03-25T09:30:00Z,SMF,smf-01,,,7634.0,7519.0,281.0,,,,,47.45,61.68
2026-03-25T09:00:00Z,SMF,smf-02,,,4970.0,4880.0,235.0,,,,,55.3,45.74
2026-03-25T09:15:00Z,SMF,smf-02,,,6846.0,6647.0,330.0,,,,,63.03,43.87
2026-03-25T09:30:00Z,SMF,smf-02,,,6259.0,6177.0,124.0,,,,,63.61,44.47
2026-03-25T09:00:00Z,UPF,upf-01,,,,,,14459892.0,9964168.0,632.0,249.0,52.03,77.06
2026-03-25T09:15:00Z,UPF,upf-01,,,,,,11712172.0,8386910.0,409.0,474.0,50.5,73.03
2026-03-25T09:30:00Z,UPF,upf-01,,,,,,10853527.0,7872759.0,685.0,174.0,48.64,68.07
2026-03-25T09:00:00Z,UPF,upf-02,,,,,,13441494.0,9793687.0,265.0,111.0,69.41,51.13
2026-03-25T09:15:00Z,UPF,upf-02,,,,,,10201711.0,6734085.0,862.0,474.0,64.4,58.64
2026-03-25T09:30:00Z,UPF,upf-02,,,,,,13334640.0,8309315.0,720.0,380.0,61.45,49.59
2026-03-25T09:30:00Z,AMF,amf-01,4165.0,4087.0,,,,,,,,53.83,76.72
2026-03-25T09:45:00Z,AMF,amf-01,5550.0,5416.0,,,,,,,,45.76,73.12
2026-03-25T10:00:00Z,AMF,amf-01,5590.0,5511.0,,,,,,,,46.26,73.95
2026-03-25T09:30:00Z,AMF,amf-02,5001.0,4900.0,,,,,,,,54.31,66.96
2026-03-25T09:45:00Z,AMF,amf-02,5207.0,5148.0,,,,,,,,52.42,61.43
2026-03-25T10:00:00Z,AMF,amf-02,5166.0,5011.0,,,,,,,,57.66,60.74
2026-03-25T09:30:00Z,SMF,smf-01,,,5650.0,5465.0,362.0,,,,,65.08,72.22
2026-03-25T09:45:00Z,SMF,smf-01,,,8738.0,8673.0,124.0,,,,,67.01,71.37
2026-03-25T10:00:00Z,SMF,smf-01,,,7459.0,7310.0,148.0,,,,,71.73,71.66
2026-03-25T09:30:00Z,SMF,smf-02,,,7079.0,6955.0,285.0,,,,,69.36,44.55
2026-03-25T09:45:00Z,SMF,smf-02,,,5748.0,5655.0,355.0,,,,,70.24,47.22
2026-03-25T10:00:00Z,SMF,smf-02,,,6374.0,6261.0,155.0,,,,,67.49,40.76
2026-03-25T09:30:00Z,UPF,upf-01,,,,,,14727445.0,11179356.0,712.0,240.0,55.17,39.15
2026-03-25T09:45:00Z,UPF,upf-01,,,,,,12477478.0,7914489.0,812.0,185.0,55.49,43.29
2026-03-25T10:00:00Z,UPF,upf-01,,,,,,10814428.0,7416749.0,494.0,432.0,55.51,36.36
2026-03-25T09:30:00Z,UPF,upf-02,,,,,,10526631.0,8130386.0,594.0,304.0,46.51,67.01
2026-03-25T09:45:00Z,UPF,upf-02,,,,,,15525443.0,11865847.0,410.0,124.0,52.17,78.06
2026-03-25T10:00:00Z,UPF,upf-02,,,,,,9351038.0,6239910.0,599.0,279.0,45.99,76.9
2026-03-25T10:00:00Z,AMF,amf-01,4224.0,4171.0,,,,,,,,57.38,81.0
2026-03-25T10:15:00Z,AMF,amf-01,5158.0,5095.0,,,,,,,,64.44,70.57
2026-03-25T10:30:00Z,AMF,amf-01,4975.0,4932.0,,,,,,,,64.03,77.16
2026-03-25T10:00:00Z,AMF,amf-02,3861.0,3771.0,,,,,,,,47.54,46.61
2026-03-25T10:15:00Z,AMF,amf-02,4156.0,4071.0,,,,,,,,46.77,48.9
2026-03-25T10:30:00Z,AMF,amf-02,4557.0,4457.0,,,,,,,,52.04,47.72
2026-03-25T10:00:00Z,SMF,smf-01,,,6979.0,6773.0,182.0,,,,,68.86,72.82
2026-03-25T10:15:00Z,SMF,smf-01,,,5505.0,5296.0,312.0,,,,,70.82,64.52
2026-03-25T10:30:00Z,SMF,smf-01,,,5653.0,5554.0,350.0,,,,,76.82,72.06
2026-03-25T10:00:00Z,SMF,smf-02,,,5491.0,5364.0,354.0,,,,,72.93,76.94
2026-03-25T10:15:00Z,SMF,smf-02,,,5509.0,5293.0,139.0,,,,,73.1,65.22
2026-03-25T10:30:00Z,SMF,smf-02,,,5641.0,5434.0,281.0,,,,,74.87,64.76
2026-03-25T10:00:00Z,UPF,upf-01,,,,,,12137701.0,9291846.0,730.0,299.0,51.89,69.46
2026-03-25T10:15:00Z,UPF,upf-01,,,,,,10586327.0,7632263.0,136.0,265.0,53.56,64.18
2026-03-25T10:30:00Z,UPF,upf-01,,,,,,13993287.0,9665581.0,250.0,485.0,52.73,63.48
2026-03-25T10:00:00Z,UPF,upf-02,,,,,,10774420.0,7337676.0,440.0,145.0,73.17,61.22
2026-03-25T10:15:00Z,UPF,upf-02,,,,,,15650100.0,11721628.0,779.0,436.0,64.5,57.7
2026-03-25T10:30:00Z,UPF,upf-02,,,,,,10793845.0,7975628.0,416.0,366.0,68.29,67.78
2026-03-25T10:30:00Z,AMF,amf-01,4290.0,4214.0,,,,,,,,73.1,53.06
2026-03-25T10:45:00Z,AMF,amf-01,5057.0,4962.0,,,,,,,,75.6,53.31
2026-03-25T11:00:00Z,AMF,amf-01,4346.0,4254.0,,,,,,,,68.0,52.15
2026-03-25T10:30:00Z,AMF,amf-02,6343.0,6214.0,,,,,,,,74.99,67.34
2026-03-25T10:45:00Z,AMF,amf-02,6033.0,5975.0,,,,,,,,72.54,67.19
2026-03-25T11:00:00Z,AMF,amf-02,5071.0,5029.0,,,,,,,,73.79,61.2
2026-03-25T10:30:00Z,SMF,smf-01,,,6976.0,6883.0,320.0,,,,,75.06,57.74
2026-03-25T10:45:00Z,SMF,smf-01,,,7181.0,7030.0,172.0,,,,,75.51,58.22
2026-03-25T11:00:00Z,SMF,smf-01,,,5333.0,5168.0,172.0,,,,,68.93,57.39
2026-03-25T10:30:00Z,SMF,smf-02,,,7776.0,7575.0,275.0,,,,,58.72,54.81
2026-03-25T10:45:00Z,SMF,smf-02,,,7506.0,7346.0,377.0,,,,,70.53,57.15
2026-03-25T11:00:00Z,SMF,smf-02,,,7112.0,7031.0,298.0,,,,,60.58,55.97
2026-03-25T10:30:00Z,UPF,upf-01,,,,,,15214387.0,10072791.0,790.0,230.0,62.72,67.6
2026-03-25T10:45:00Z,UPF,upf-01,,,,,,15135059.0,9454412.0,686.0,487.0,60.39,71.89
2026-03-25T11:00:00Z,UPF,upf-01,,,,,,14748341.0,11346358.0,982.0,191.0,64.04,65.95
2026-03-25T10:30:00Z,UPF,upf-02,,,,,,13897265.0,8778624.0,686.0,415.0,76.3,54.75
2026-03-25T10:45:00Z,UPF,upf-02,,,,,,14934385.0,11706849.0,4997.0,1430.0,80.81,52.0
2026-03-25T11:00:00Z,UPF,upf-02,,,,,,9967682.0,7750422.0,619.0,160.0,75.21,53.91
2026-03-25T11:00:00Z,AMF,amf-01,4174.0,4053.0,,,,,,,,43.16,46.36
2026-03-25T11:15:00Z,AMF,amf-01,4405.0,4314.0,,,,,,,,46.25,45.13
2026-03-25T11:30:00Z,AMF,amf-01,5157.0,5125.0,,,,,,,,41.41,44.91
2026-03-25T11:00:00Z,AMF,amf-02,4615.0,4485.0,,,,,,,,71.86,70.58
2026-03-25T11:15:00Z,AMF,amf-02,5413.0,5334.0,,,,,,,,67.47,68.1
2026-03-25T11:30:00Z,AMF,amf-02,6339.0,6289.0,,,,,,,,67.54,71.2
2026-03-25T11:00:00Z,SMF,smf-01,,,7773.0,7582.0,321.0,,,,,79.68,54.13
2026-03-25T11:15:00Z,SMF,smf-01,,,5067.0,5035.0,322.0,,,,,84.37,48.07
2026-03-25T11:30:00Z,SMF,smf-01,,,4801.0,4699.0,101.0,,,,,84.39,53.74
2026-03-25T11:00:00Z,SMF,smf-02,,,8310.0,8129.0,152.0,,,,,66.82,69.24
2026-03-25T11:15:00Z,SMF,smf-02,,,5522.0,5303.0,314.0,,,,,71.65,60.96
2026-03-25T11:30:00Z,SMF,smf-02,,,6791.0,6630.0,232.0,,,,,61.85,63.91
2026-03-25T11:00:00Z,UPF,upf-01,,,,,,13052943.0,9109557.0,494.0,200.0,60.51,65.64
2026-03-25T11:15:00Z,UPF,upf-01,,,,,,13032079.0,9344861.0,595.0,356.0,59.02,63.44
2026-03-25T11:30:00Z,UPF,upf-01,,,,,,11775224.0,8297943.0,311.0,238.0,59.07,71.12
2026-03-25T11:00:00Z,UPF,upf-02,,,,,,13112256.0,8390036.0,870.0,110.0,65.68,67.46
2026-03-25T11:15:00Z,UPF,upf-02,,,,,,13615883.0,9719274.0,258.0,143.0,72.12,69.81
2026-03-25T11:30:00Z,UPF,upf-02,,,,,,9788976.0,5958482.0,767.0,301.0,72.5,71.5
2026-03-25T11:30:00Z,AMF,amf-01,3852.0,3752.0,,,,,,,,80.42,70.79
2026-03-25T11:45:00Z,AMF,amf-01,6123.0,5981.0,,,,,,,,72.04,66.14
2026-03-25T12:00:00Z,AMF,amf-01,5003.0,4933.0,,,,,,,,81.27,63.87
2026-03-25T11:30:00Z,AMF,amf-02,5424.0,5347.0,,,,,,,,68.13,69.55
2026-03-25T11:45:00Z,AMF,amf-02,3889.0,3844.0,,,,,,,,62.21,71.49
2026-03-25T12:00:00Z,AMF,amf-02,4237.0,4165.0,,,,,,,,59.17,67.93
2026-03-25T11:30:00Z,SMF,smf-01,,,7883.0,7836.0,281.0,,,,,42.73,56.01
2026-03-25T11:45:00Z,SMF,smf-01,,,5663.0,5454.0,115.0,,,,,46.63,55.85
2026-03-25T12:00:00Z,SMF,smf-01,,,6178.0,6086.0,178.0,,,,,40.1,53.7
2026-03-25T11:30:00Z,SMF,smf-02,,,7850.0,7616.0,275.0,,,,,61.68,69.89
