timestamp,gnb_id,cell_id,dl_prb_used,dl_prb_total,ul_prb_used,ul_prb_total,rrc_setup_attempts,rrc_setup_successes,handover_attempts,handover_successes,dl_throughput_mbps,ul_throughput_mbps,packet_loss_percent,pdcp_delay_ms
2026-03-24T08:00:00Z,gNB-001,Cell-A1,249,273,166,273,1214,1150,120,110,808.2,251.11,0.095,8.9
2026-03-24T08:15:00Z,gNB-001,Cell-A1,236,273,196,273,1548,1523,137,123,828.33,314.92,0.048,7.27
2026-03-24T08:30:00Z,gNB-001,Cell-A1,220,273,147,273,1102,1070,84,77,839.68,231.24,0.047,5.26
2026-03-24T08:00:00Z,gNB-001,Cell-A2,168,273,146,273,1491,1400,234,223,421.36,117.16,0.02,3.26
2026-03-24T08:15:00Z,gNB-001,Cell-A2,150,273,98,273,1239,1142,224,206,400.83,149.3,0.013,2.34
2026-03-24T08:30:00Z,gNB-001,Cell-A2,160,273,99,273,871,829,146,139,402.1,137.99,0.011,3.05
2026-03-24T08:00:00Z,gNB-001,Cell-A3,108,273,75,273,1706,1665,235,223,910.58,207.46,0.016,2.21
2026-03-24T08:15:00Z,gNB-001,Cell-A3,123,273,84,273,1336,1296,158,142,785.65,313.83,0.019,2.73
2026-03-24T08:30:00Z,gNB-001,Cell-A3,112,273,95,273,1275,1203,92,79,853.22,175.17,0.01,2.61
2026-03-24T08:00:00Z,gNB-002,Cell-B1,209,273,153,273,1842,1735,141,120,448.73,109.18,0.046,6.67
2026-03-24T08:15:00Z,gNB-002,Cell-B1,226,273,194,273,932,916,127,113,493.68,104.24,0.044,7.54
2026-03-24T08:30:00Z,gNB-002,Cell-B1,224,273,165,273,1710,1678,175,163,456.86,169.99,0.031,5.06
2026-03-24T08:00:00Z,gNB-002,Cell-B2,231,273,192,273,1230,1199,179,163,770.74,228.38,0.031,5.48
2026-03-24T08:15:00Z,gNB-002,Cell-B2,198,273,156,273,1570,1488,230,219,688.42,158.89,0.034,7.88
2026-03-24T08:30:00Z,gNB-002,Cell-B2,206,273,158,273,1266,1236,197,169,767.03,154.47,0.033,4.03
2026-03-24T08:00:00Z,gNB-002,Cell-B3,147,273,96,273,878,842,52,48,683.95,232.61,0.018,3.66
2026-03-24T08:15:00Z,gNB-002,Cell-B3,143,273,111,273,1833,1803,165,149,751.02,164.88,0.013,3.26
2026-03-24T08:30:00Z,gNB-002,Cell-B3,144,273,86,273,1255,1224,162,150,714.86,195.08,0.016,3.43
2026-03-24T08:30:00Z,gNB-001,Cell-A1,154,273,126,273,1512,1394,170,160,891.65,285.3,0.017,3.13
2026-03-24T08:45:00Z,gNB-001,Cell-A1,164,273,100,273,876,816,55,53,789.24,243.89,0.012,3.26
2026-03-24T09:00:00Z,gNB-001,Cell-A1,162,273,143,273,1707,1654,67,57,878.94,214.79,0.017,2.94
2026-03-24T08:30:00Z,gNB-001,Cell-A2,153,273,129,273,1293,1201,217,197,544.53,200.08,0.015,3.61
2026-03-24T08:45:00Z,gNB-001,Cell-A2,153,273,110,273,1650,1545,215,202,455.28,144.24,0.015,2.6
2026-03-24T09:00:00Z,gNB-001,Cell-A2,147,273,98,273,1092,1012,195,181,533.23,137.79,0.015,3.1
2026-03-24T08:30:00Z,gNB-001,Cell-A3,112,273,86,273,1314,1270,206,189,748.84,220.18,0.011,3.75
2026-03-24T08:45:00Z,gNB-001,Cell-A3,113,273,94,273,1009,978,106,96,790.61,216.58,0.011,3.53
2026-03-24T09:00:00Z,gNB-001,Cell-A3,108,273,83,273,1529,1421,61,57,717.78,230.6,0.013,2.16
2026-03-24T08:30:00Z,gNB-002,Cell-B1,186,273,137,273,1002,938,138,123,457.55,94.75,0.015,3.94
2026-03-24T08:45:00Z,gNB-002,Cell-B1,179,273,107,273,1628,1500,237,213,471.72,143.95,0.011,2.32
2026-03-24T09:00:00Z,gNB-002,Cell-B1,195,273,160,273,1781,1758,134,124,523.92,208.11,0.04,5.53
2026-03-24T08:30:00Z,gNB-002,Cell-B2,136,273,93,273,1086,1004,236,209,549.6,210.57,0.012,2.93
2026-03-24T08:45:00Z,gNB-002,Cell-B2,130,273,107,273,1016,981,229,207,517.68,149.13,0.013,3.11
2026-03-24T09:00:00Z,gNB-002,Cell-B2,142,273,89,273,1478,1366,91,88,563.44,126.06,0.014,2.26
2026-03-24T08:30:00Z,gNB-002,Cell-B3,138,273,108,273,1210,1142,34,31,606.41,240.81,0.019,2.35
2026-03-24T08:45:00Z,gNB-002,Cell-B3,134,273,119,273,1123,1079,231,212,579.77,196.21,0.018,2.16
2026-03-24T09:00:00Z,gNB-002,Cell-B3,135,273,81,273,957,902,211,200,533.63,210.69,0.013,3.58
2026-03-24T09:00:00Z,gNB-001,Cell-A1,126,273,79,273,1486,1370,121,111,818.87,293.6,0.011,2.75
2026-03-24T09:15:00Z,gNB-001,Cell-A1,118,273,94,273,1289,1231,110,99,771.24,210.14,0.016,3.51
2026-03-24T09:30:00Z,gNB-001,Cell-A1,115,273,97,273,1171,1148,79,68,736.28,225.2,0.014,3.2
2026-03-24T09:00:00Z,gNB-001,Cell-A2,180,273,139,273,1635,1589,39,34,739.14,272.83,0.016,3.31
2026-03-24T09:15:00Z,gNB-001,Cell-A2,201,273,156,273,1512,1451,115,105,782.0,248.2,0.028,4.34
2026-03-24T09:30:00Z,gNB-001,Cell-A2,188,273,123,273,1841,1799,225,206,863.48,215.24,0.019,2.11
2026-03-24T09:00:00Z,gNB-001,Cell-A3,212,273,163,273,1410,1371,182,159,602.55,216.07,0.049,5.01
2026-03-24T09:15:00Z,gNB-001,Cell-A3,219,273,174,273,1371,1300,58,54,628.5,176.19,0.043,4.17
2026-03-24T09:30:00Z,gNB-001,Cell-A3,202,273,133,273,1710,1574,119,110,571.36,135.01,0.044,7.06
2026-03-24T09:00:00Z,gNB-002,Cell-B1,218,273,192,273,1562,1537,189,170,527.89,156.23,0.023,7.86
2026-03-24T09:15:00Z,gNB-002,Cell-B1,229,273,191,273,1778,1647,139,131,528.04,105.71,0.04,7.28
2026-03-24T09:30:00Z,gNB-002,Cell-B1,202,273,155,273,1101,1073,40,38,454.02,116.37,0.039,5.82
2026-03-24T09:00:00Z,gNB-002,Cell-B2,141,273,93,273,1238,1221,184,174,545.49,161.19,0.013,3.85
2026-03-24T09:15:00Z,gNB-002,Cell-B2,129,273,93,273,878,827,36,32,587.3,147.79,0.018,3.83
2026-03-24T09:30:00Z,gNB-002,Cell-B2,141,273,105,273,1705,1654,211,193,557.92,219.84,0.02,2.37
2026-03-24T09:00:00Z,gNB-002,Cell-B3,125,273,82,273,1449,1351,123,111,674.91,160.18,0.014,2.19
2026-03-24T09:15:00Z,gNB-002,Cell-B3,123,273,99,273,899,827,81,72,786.5,186.75,0.02,2.17
2026-03-24T09:30:00Z,gNB-002,Cell-B3,131,273,85,273,1384,1349,155,147,777.48,226.81,0.02,3.41
2026-03-24T09:30:00Z,gNB-001,Cell-A1,207,273,173,273,1284,1214,171,158,554.98,217.27,0.036,6.12
2026-03-24T09:45:00Z,gNB-001,Cell-A1,209,273,162,273,1342,1290,171,148,562.22,149.78,0.048,6.77
2026-03-24T10:00:00Z,gNB-001,Cell-A1,237,273,212,273,1252,1202,104,95,614.94,244.29,0.048,4.06
2026-03-24T09:30:00Z,gNB-001,Cell-A2,170,273,104,273,1792,1736,57,52,802.36,237.76,0.019,2.49
2026-03-24T09:45:00Z,gNB-001,Cell-A2,175,273,105,273,855,805,71,61,882.93,241.61,0.02,3.27
2026-03-24T10:00:00Z,gNB-001,Cell-A2,183,273,124,273,842,799,170,153,766.36,171.12,0.019,3.31
2026-03-24T09:30:00Z,gNB-001,Cell-A3,198,273,175,273,1731,1702,226,209,515.05,160.47,0.034,5.95
2026-03-24T09:45:00Z,gNB-001,Cell-A3,182,273,143,273,1601,1578,183,166,490.61,146.81,0.011,2.06
2026-03-24T10:00:00Z,gNB-001,Cell-A3,215,273,167,273,781,742,171,154,552.18,151.4,0.042,5.78
2026-03-24T09:30:00Z,gNB-002,Cell-B1,191,273,160,273,995,963,248,234,754.51,196.94,0.017,3.42
2026-03-24T09:45:00Z,gNB-002,Cell-B1,191,273,156,273,1612,1500,109,103,670.02,211.75,0.011,2.55
2026-03-24T10:00:00Z,gNB-002,Cell-B1,214,273,160,273,1673,1555,93,79,750.51,263.18,0.023,6.26
2026-03-24T09:30:00Z,gNB-002,Cell-B2,135,273,116,273,875,861,170,145,909.25,284.75,0.01,2.26
2026-03-24T09:45:00Z,gNB-002,Cell-B2,124,273,95,273,1769,1726,231,216,817.17,264.81,0.016,3.65
2026-03-24T10:00:00Z,gNB-002,Cell-B2,128,273,82,273,948,927,237,211,777.65,200.44,0.018,3.82
2026-03-24T09:30:00Z,gNB-002,Cell-B3,190,273,118,273,1510,1432,36,32,534.89,113.04,0.02,2.58
2026-03-24T09:45:00Z,gNB-002,Cell-B3,170,273,108,273,1414,1302,76,71,509.4,175.66,0.011,2.2
2026-03-24T10:00:00Z,gNB-002,Cell-B3,174,273,140,273,1340,1303,129,122,507.02,104.28,0.015,3.82
2026-03-24T10:00:00Z,gNB-001,Cell-A1,220,273,146,273,1758,1730,103,95,816.79,197.8,0.037,4.93
2026-03-24T10:15:00Z,gNB-001,Cell-A1,206,273,140,273,1642,1593,155,146,869.5,297.16,0.044,7.21
2026-03-24T10:30:00Z,gNB-001,Cell-A1,194,273,142,273,1629,1551,232,202,977.03,383.44,0.026,7.52
2026-03-24T10:00:00Z,gNB-001,Cell-A2,104,273,92,273,1635,1540,176,162,701.01,250.71,0.016,2.31
2026-03-24T10:15:00Z,gNB-001,Cell-A2,103,273,86,273,1380,1272,241,210,749.2,210.01,0.013,2.27
2026-03-24T10:30:00Z,gNB-001,Cell-A2,112,273,90,273,1408,1385,179,169,646.81,129.57,0.016,3.36
2026-03-24T10:00:00Z,gNB-001,Cell-A3,223,273,178,273,1032,989,197,185,476.5,175.16,0.023,4.01
2026-03-24T10:15:00Z,gNB-001,Cell-A3,198,273,147,273,1428,1332,176,166,520.23,163.81,0.03,4.05
2026-03-24T10:30:00Z,gNB-001,Cell-A3,196,273,162,273,1400,1338,167,151,540.73,138.23,0.023,7.61
2026-03-24T10:00:00Z,gNB-002,Cell-B1,180,273,159,273,1306,1205,177,162,589.68,224.36,0.014,3.6
2026-03-24T10:15:00Z,gNB-002,Cell-B1,185,273,143,273,880,824,209,179,567.92,169.93,0.019,3.73
2026-03-24T10:30:00Z,gNB-002,Cell-B1,210,273,177,273,1208,1161,207,184,603.58,231.5,0.021,5.18
2026-03-24T10:00:00Z,gNB-002,Cell-B2,189,273,153,273,1223,1134,188,167,799.06,242.27,0.013,2.52
2026-03-24T10:15:00Z,gNB-002,Cell-B2,201,273,133,273,871,848,222,200,776.03,283.93,0.025,4.14
2026-03-24T10:30:00Z,gNB-002,Cell-B2,172,273,126,273,1295,1236,45,39,740.9,184.63,0.019,2.66
2026-03-24T10:00:00Z,gNB-002,Cell-B3,168,273,149,273,1175,1082,68,62,817.23,317.9,0.02,2.14
2026-03-24T10:15:00Z,gNB-002,Cell-B3,174,273,126,273,1607,1531,43,39,866.28,335.37,0.016,2.01
2026-03-24T10:30:00Z,gNB-002,Cell-B3,198,273,120,273,1213,1121,175,164,805.38,166.56,0.028,5.87
2026-03-24T10:30:00Z,gNB-001,Cell-A1,134,273,85,273,1180,1135,231,219,801.41,185.97,0.015,3.58
2026-03-24T10:45:00Z,gNB-001,Cell-A1,143,273,107,273,1428,1377,45,41,775.85,159.16,0.02,3.57
2026-03-24T11:00:00Z,gNB-001,Cell-A1,128,273,108,273,1227,1150,166,151,870.71,221.97,0.019,2.98
2026-03-24T10:30:00Z,gNB-001,Cell-A2,123,273,95,273,1273,1187,155,133,565.11,164.96,0.015,2.04
2026-03-24T10:45:00Z,gNB-001,Cell-A2,142,273,121,273,1216,1136,53,50,563.02,181.31,0.011,2.27
2026-03-24T11:00:00Z,gNB-001,Cell-A2,123,273,109,273,1453,1342,143,132,585.75,181.45,0.018,2.93
2026-03-24T10:30:00Z,gNB-001,Cell-A3,267,273,228,273,1707,1603,103,94,461.81,126.64,0.078,10.56
2026-03-24T10:45:00Z,gNB-001,Cell-A3,266,273,191,273,1588,1521,146,139,442.24,162.73,0.067,10.6
2026-03-24T11:00:00Z,gNB-001,Cell-A3,262,273,224,273,1636,1536,146,127,456.49,134.4,0.083,10.25
2026-03-24T10:30:00Z,gNB-002,Cell-B1,197,273,118,273,1757,1633,146,141,702.07,162.74,0.027,5.09
2026-03-24T10:45:00Z,gNB-002,Cell-B1,231,273,204,273,1108,1031,130,121,636.41,139.95,0.041,4.88
2026-03-24T11:00:00Z,gNB-002,Cell-B1,232,273,162,273,1090,1024,44,41,671.71,221.59,0.021,4.7
2026-03-24T10:30:00Z,gNB-002,Cell-B2,191,273,166,273,1316,1231,222,193,684.05,240.64,0.016,2.17
2026-03-24T10:45:00Z,gNB-002,Cell-B2,187,273,134,273,1152,1135,103,92,683.17,143.39,0.019,2.88
2026-03-24T11:00:00Z,gNB-002,Cell-B2,175,273,143,273,949,938,109,99,653.35,259.44,0.013,3.02
2026-03-24T10:30:00Z,gNB-002,Cell-B3,181,273,122,273,1247,1233,213,204,538.72,160.67,0.012,3.47
2026-03-24T10:45:00Z,gNB-002,Cell-B3,181,273,116,273,1677,1633,80,73,480.08,116.05,0.018,3.83
2026-03-24T11:00:00Z,gNB-002,Cell-B3,193,273,168,273,1471,1398,186,160,497.91,112.08,0.035,5.5
2026-03-24T11:00:00Z,gNB-001,Cell-A1,227,273,162,273,1614,1562,243,214,452.25,114.58,0.035,6.55
2026-03-24T11:15:00Z,gNB-001,Cell-A1,220,273,139,273,1193,1166,220,203,487.07,127.35,0.025,6.31
2026-03-24T11:30:00Z,gNB-001,Cell-A1,214,273,160,273,1160,1102,77,71,504.83,119.37,0.026,6.75
2026-03-24T11:00:00Z,gNB-001,Cell-A2,227,273,183,273,902,856,156,147,576.77,227.85,0.049,7.83
2026-03-24T11:15:00Z,gNB-001,Cell-A2,247,273,149,273,1571,1454,140,134,582.88,215.58,0.056,9.57
2026-03-24T11:30:00Z,gNB-001,Cell-A2,218,273,134,273,888,831,149,127,559.92,211.21,0.032,6.41
2026-03-24T11:00:00Z,gNB-001,Cell-A3,121,273,78,273,1746,1660,228,214,707.42,199.1,0.011,3.06
2026-03-24T11:15:00Z,gNB-001,Cell-A3,131,273,92,273,1736,1638,38,36,780.98,229.77,0.018,3.68
2026-03-24T11:30:00Z,gNB-001,Cell-A3,123,273,102,273,1322,1269,80,76,725.16,235.13,0.012,3.35
2026-03-24T11:00:00Z,gNB-002,Cell-B1,188,273,131,273,1153,1133,204,176,908.39,263.48,0.016,3.86
2026-03-24T11:15:00Z,gNB-002,Cell-B1,205,273,176,273,1916,1813,174,152,828.4,195.04,0.043,6.16
2026-03-24T11:30:00Z,gNB-002,Cell-B1,203,273,168,273,965,940,214,187,786.17,187.23,0.027,5.73
2026-03-24T11:00:00Z,gNB-002,Cell-B2,122,273,76,273,1630,1545,238,225,721.81,216.14,0.014,2.03
2026-03-24T11:15:00Z,gNB-002,Cell-B2,133,273,102,273,987,958,121,103,759.93,192.97,0.016,3.61
2026-03-24T11:30:00Z,gNB-002,Cell-B2,136,273,95,273,1817,1730,116,111,762.13,162.65,0.017,2.97
2026-03-24T11:00:00Z,gNB-002,Cell-B3,103,273,65,273,1377,1355,107,94,584.47,135.0,0.013,3.12
2026-03-24T11:15:00Z,gNB-002,Cell-B3,110,273,79,273,1492,1461,51,43,590.91,187.88,0.011,3.76
2026-03-24T11:30:00Z,gNB-002,Cell-B3,101,273,69,273,1146,1070,153,140,519.14,172.84,0.016,3.2
2026-03-24T11:30:00Z,gNB-001,Cell-A1,200,273,130,273,1348,1246,151,139,637.96,219.24,0.02,7.05
2026-03-24T11:45:00Z,gNB-001,Cell-A1,198,273,164,273,1579,1548,135,114,633.45,141.92,0.036,4.23
2026-03-24T12:00:00Z,gNB-001,Cell-A1,197,273,135,273,1094,1017,240,220,564.81,162.05,0.038,4.54
2026-03-24T11:30:00Z,gNB-001,Cell-A2,161,273,96,273,1082,1057,91,81,804.23,220.98,0.019,2.33
2026-03-24T11:45:00Z,gNB-001,Cell-A2,157,273,120,273,1768,1734,236,202,843.72,212.36,0.017,2.47
2026-03-24T12:00:00Z,gNB-001,Cell-A2,157,273,134,273,1437,1399,171,148,824.61,250.73,0.014,2.65
2026-03-24T11:30:00Z,gNB-001,Cell-A3,168,273,129,273,1661,1555,82,76,485.27,164.56,0.018,3.41
2026-03-24T11:45:00Z,gNB-001,Cell-A3,173,273,130,273,911,858,232,214,524.07,112.44,0.011,2.83
2026-03-24T12:00:00Z,gNB-001,Cell-A3,171,273,123,273,989,922,243,212,487.1,141.29,0.015,3.2
2026-03-24T11:30:00Z,gNB-002,Cell-B1,175,273,128,273,1624,1510,65,60,584.63,219.19,0.012,2.98
2026-03-24T11:45:00Z,gNB-002,Cell-B1,196,273,142,273,1436,1325,151,137,631.87,233.14,0.044,4.1
2026-03-24T12:00:00Z,gNB-002,Cell-B1,198,273,171,273,1503,1401,106,93,571.87,153.63,0.032,5.35
2026-03-24T11:30:00Z,gNB-002,Cell-B2,186,273,167,273,1327,1236,53,45,515.64,108.86,0.016,2.29
2026-03-24T11:45:00Z,gNB-002,Cell-B2,188,273,151,273,1381,1296,122,112,603.51,173.57,0.02,3.77
2026-03-24T12:00:00Z,gNB-002,Cell-B2,172,273,142,273,1012,997,76,73,510.37,136.7,0.018,2.43
2026-03-24T11:30:00Z,gNB-002,Cell-B3,169,273,148,273,1071,1016,37,32,935.04,192.37,0.015,2.47
2026-03-24T11:45:00Z,gNB-002,Cell-B3,176,273,143,273,801,765,211,187,820.61,258.15,0.012,2.76
2026-03-24T12:00:00Z,gNB-002,Cell-B3,161,273,123,273,1384,1363,174,149,960.41,326.11,0.014,3.21
2026-03-24T12:00:00Z,gNB-001,Cell-A1,134,273,100,273,793,776,57,54,782.26,260.41,0.014,3.06
2026-03-24T12:15:00Z,gNB-001,Cell-A1,131,273,99,273,1428,1377,226,219,798.55,226.33,0.018,3.36
2026-03-24T12:30:00Z,gNB-001,Cell-A1,131,273,100,273,1508,1398,84,75,759.3,250.03,0.01,3.31
2026-03-24T12:00:00Z,gNB-001,Cell-A2,176,273,105,273,1720,1641,138,127,657.01,142.38,0.017,2.5
2026-03-24T12:15:00Z,gNB-001,Cell-A2,179,273,134,273,1052,995,237,214,656.13,225.55,0.01,3.61
2026-03-24T12:30:00Z,gNB-001,Cell-A2,202,273,166,273,1465,1398,139,119,632.14,250.7,0.045,5.97
2026-03-24T12:00:00Z,gNB-001,Cell-A3,201,273,124,273,1326,1255,199,187,970.86,256.17,0.033,5.54
2026-03-24T12:15:00Z,gNB-001,Cell-A3,226,273,164,273,1154,1071,72,65,865.57,341.13,0.039,7.54
2026-03-24T12:30:00Z,gNB-001,Cell-A3,193,273,160,273,1039,972,118,101,973.84,267.62,0.029,5.41
2026-03-24T12:00:00Z,gNB-002,Cell-B1,167,273,143,273,1406,1382,176,158,919.19,205.91,0.013,3.28
2026-03-24T12:15:00Z,gNB-002,Cell-B1,170,273,122,273,1601,1543,126,113,765.8,194.49,0.019,2.63
2026-03-24T12:30:00Z,gNB-002,Cell-B1,163,273,125,273,953,886,218,186,816.02,221.86,0.016,3.35
2026-03-24T12:00:00Z,gNB-002,Cell-B2,130,273,102,273,1371,1278,155,132,521.6,126.24,0.011,3.57
2026-03-24T12:15:00Z,gNB-002,Cell-B2,137,273,82,273,1210,1182,200,191,535.2,145.36,0.01,3.04
2026-03-24T12:30:00Z,gNB-002,Cell-B2,129,273,98,273,826,769,54,51,518.58,164.33,0.013,2.67
2026-03-24T12:00:00Z,gNB-002,Cell-B3,125,273,89,273,1076,1005,33,28,622.94,172.98,0.012,2.31
2026-03-24T12:15:00Z,gNB-002,Cell-B3,151,273,122,273,1499,1483,73,62,658.23,254.36,0.018,2.44
2026-03-24T12:30:00Z,gNB-002,Cell-B3,141,273,98,273,1745,1673,224,210,682.05,211.21,0.014,2.03
2026-03-24T12:30:00Z,gNB-001,Cell-A1,247,273,205,273,1278,1239,241,228,778.79,291.91,0.072,9.62
2026-03-24T12:45:00Z,gNB-001,Cell-A1,240,273,193,273,1162,1149,111,95,794.71,263.73,0.043,7.45
2026-03-24T13:00:00Z,gNB-001,Cell-A1,208,273,175,273,1096,1034,147,128,893.3,332.99,0.033,7.43
2026-03-24T12:30:00Z,gNB-001,Cell-A2,244,273,190,273,894,876,187,159,978.94,384.36,0.044,5.52
2026-03-24T12:45:00Z,gNB-001,Cell-A2,229,273,154,273,1273,1179,72,65,946.01,217.66,0.031,5.52
2026-03-24T13:00:00Z,gNB-001,Cell-A2,212,273,146,273,926,891,117,111,842.55,244.64,0.032,5.23
2026-03-24T12:30:00Z,gNB-001,Cell-A3,155,273,114,273,1502,1468,169,151,707.03,207.79,0.015,2.77
2026-03-24T12:45:00Z,gNB-001,Cell-A3,163,273,105,273,1074,1017,151,132,724.46,272.25,0.011,3.03
2026-03-24T13:00:00Z,gNB-001,Cell-A3,153,273,127,273,1738,1607,152,137,611.89,125.03,0.014,3.48
2026-03-24T12:30:00Z,gNB-002,Cell-B1,143,273,119,273,1072,990,214,204,861.12,258.4,0.017,3.2
2026-03-24T12:45:00Z,gNB-002,Cell-B1,146,273,129,273,794,781,152,141,774.68,202.08,0.017,3.22
2026-03-24T13:00:00Z,gNB-002,Cell-B1,141,273,102,273,1185,1114,189,166,791.63,185.95,0.012,3.46
2026-03-24T12:30:00Z,gNB-002,Cell-B2,117,273,74,273,1673,1621,182,165,867.71,193.22,0.017,2.42
2026-03-24T12:45:00Z,gNB-002,Cell-B2,126,273,76,273,1528,1509,152,140,831.57,325.3,0.017,2.6
2026-03-24T13:00:00Z,gNB-002,Cell-B2,136,273,106,273,1342,1263,211,202,841.74,262.95,0.015,3.49
2026-03-24T12:30:00Z,gNB-002,Cell-B3,115,273,73,273,1539,1484,218,204,801.98,182.3,0.017,2.6
2026-03-24T12:45:00Z,gNB-002,Cell-B3,128,273,107,273,1233,1150,220,206,942.6,306.22,0.011,3.15
2026-03-24T13:00:00Z,gNB-002,Cell-B3,132,273,89,273,1235,1218,247,215,791.62,230.0,0.016,2.43
2026-03-24T13:00:00Z,gNB-001,Cell-A1,176,273,108,273,997,955,230,198,823.21,323.28,0.016,3.6
2026-03-24T13:15:00Z,gNB-001,Cell-A1,177,273,146,273,778,769,128,114,800.07,246.1,0.015,2.79
2026-03-24T13:30:00Z,gNB-001,Cell-A1,199,273,162,273,1587,1523,123,115,855.81,212.01,0.02,6.57
2026-03-24T13:00:00Z,gNB-001,Cell-A2,229,273,140,273,931,883,137,119,788.96,288.59,0.025,5.75
2026-03-24T13:15:00Z,gNB-001,Cell-A2,206,273,151,273,1523,1428,108,101,782.9,306.45,0.021,7.34
2026-03-24T13:30:00Z,gNB-001,Cell-A2,230,273,188,273,1727,1601,143,132,838.71,283.27,0.042,7.43
2026-03-24T13:00:00Z,gNB-001,Cell-A3,179,273,160,273,1700,1631,90,82,876.47,183.34,0.013,2.68
2026-03-24T13:15:00Z,gNB-001,Cell-A3,181,273,115,273,1457,1383,125,111,751.46,287.98,0.018,3.53
2026-03-24T13:30:00Z,gNB-001,Cell-A3,173,273,117,273,1381,1355,182,160,866.2,209.5,0.011,2.88
2026-03-24T13:00:00Z,gNB-002,Cell-B1,221,273,161,273,1160,1139,179,163,554.78,213.16,0.033,5.03
2026-03-24T13:15:00Z,gNB-002,Cell-B1,220,273,151,273,1477,1379,183,174,586.57,201.41,0.022,4.69
2026-03-24T13:30:00Z,gNB-002,Cell-B1,201,273,180,273,1803,1662,64,57,574.94,198.59,0.022,7.08
2026-03-24T13:00:00Z,gNB-002,Cell-B2,171,273,106,273,1546,1503,235,210,694.52,253.07,0.013,3.39
2026-03-24T13:15:00Z,gNB-002,Cell-B2,170,273,141,273,1376,1306,242,222,706.72,254.56,0.015,3.82
2026-03-24T13:30:00Z,gNB-002,Cell-B2,177,273,142,273,872,822,98,94,639.26,239.9,0.011,2.49
2026-03-24T13:00:00Z,gNB-002,Cell-B3,143,273,107,273,1451,1420,154,147,635.77,153.73,0.016,3.19
2026-03-24T13:15:00Z,gNB-002,Cell-B3,144,273,90,273,1617,1500,152,137,703.24,189.56,0.012,2.14
2026-03-24T13:30:00Z,gNB-002,Cell-B3,138,273,95,273,1636,1563,130,116,638.03,234.65,0.018,2.28
2026-03-24T13:30:00Z,gNB-001,Cell-A1,143,273,88,273,816,790,200,192,710.21,277.84,0.011,3.61
2026-03-24T13:45:00Z,gNB-001,Cell-A1,147,273,107,273,848,795,149,137,793.58,275.03,0.011,2.16
2026-03-24T14:00:00Z,gNB-001,Cell-A1,147,273,121,273,789,758,130,112,687.45,229.68,0.016,2.46
2026-03-24T13:30:00Z,gNB-001,Cell-A2,206,273,125,273,1753,1721,208,179,598.79,142.36,0.045,6.35
2026-03-24T13:45:00Z,gNB-001,Cell-A2,214,273,160,273,1661,1554,245,236,590.36,193.83,0.024,5.7
2026-03-24T14:00:00Z,gNB-001,Cell-A2,226,273,169,273,836,803,167,149,588.39,203.62,0.036,6.26
2026-03-24T13:30:00Z,gNB-001,Cell-A3,145,273,89,273,1253,1173,243,228,414.8,119.38,0.017,2.54
2026-03-24T13:45:00Z,gNB-001,Cell-A3,137,273,114,273,972,904,66,57,482.63,192.03,0.02,2.59
2026-03-24T14:00:00Z,gNB-001,Cell-A3,141,273,113,273,1267,1199,228,195,441.66,139.22,0.017,2.35
2026-03-24T13:30:00Z,gNB-002,Cell-B1,208,273,176,273,1806,1677,74,67,808.66,287.06,0.046,5.43
2026-03-24T13:45:00Z,gNB-002,Cell-B1,184,273,132,273,1385,1283,80,70,877.04,197.71,0.015,3.26
2026-03-24T14:00:00Z,gNB-002,Cell-B1,205,273,182,273,979,925,231,218,812.1,203.41,0.024,5.0
2026-03-24T13:30:00Z,gNB-002,Cell-B2,137,273,87,273,1308,1261,49,43,877.63,193.49,0.012,3.76
2026-03-24T13:45:00Z,gNB-002,Cell-B2,155,273,125,273,1579,1461,73,70,806.87,312.63,0.01,2.17
2026-03-24T14:00:00Z,gNB-002,Cell-B2,143,273,106,273,1788,1691,163,139,855.02,279.82,0.018,3.51
2026-03-24T13:30:00Z,gNB-002,Cell-B3,150,273,125,273,1058,997,131,123,521.48,184.23,0.018,2.13
2026-03-24T13:45:00Z,gNB-002,Cell-B3,126,273,83,273,1384,1290,50,44,491.37,184.04,0.017,2.93
2026-03-24T14:00:00Z,gNB-002,Cell-B3,139,273,113,273,1411,1378,147,140,534.86,169.47,0.012,2.9
2026-03-24T14:00:00Z,gNB-001,Cell-A1,118,273,78,273,1858,1728,31,29,732.62,188.66,0.01,2.31
2026-03-24T14:15:00Z,gNB-001,Cell-A1,139,273,105,273,1327,1304,91,81,801.78,295.58,0.017,3.8
2026-03-24T14:30:00Z,gNB-001,Cell-A1,141,273,109,273,1869,1724,138,125,719.89,145.86,0.017,3.59
2026-03-24T14:00:00Z,gNB-001,Cell-A2,184,273,150,273,994,927,97,86,724.13,202.64,0.014,2.69
2026-03-24T14:15:00Z,gNB-001,Cell-A2,157,273,107,273,851,799,65,55,743.07,272.26,0.019,2.31
2026-03-24T14:30:00Z,gNB-001,Cell-A2,154,273,134,273,905,875,47,41,735.17,200.62,0.011,3.15
2026-03-24T14:00:00Z,gNB-001,Cell-A3,216,273,168,273,865,799,217,198,563.26,214.21,0.035,5.76
2026-03-24T14:15:00Z,gNB-001,Cell-A3,234,273,180,273,1711,1663,102,90,566.77,183.91,0.038,4.1
2026-03-24T14:30:00Z,gNB-001,Cell-A3,208,273,166,273,1318,1233,227,217,587.8,136.0,0.04,4.52
2026-03-24T14:00:00Z,gNB-002,Cell-B1,230,273,141,273,1007,928,166,151,818.42,281.4,0.044,6.75
2026-03-24T14:15:00Z,gNB-002,Cell-B1,264,273,199,273,991,971,167,148,752.69,272.18,0.094,9.24
2026-03-24T14:30:00Z,gNB-002,Cell-B1,219,273,168,273,982,927,165,143,823.14,257.02,0.025,4.56
2026-03-24T14:00:00Z,gNB-002,Cell-B2,134,273,98,273,1578,1478,139,123,523.76,180.14,0.015,2.0
2026-03-24T14:15:00Z,gNB-002,Cell-B2,147,273,101,273,1601,1496,117,104,461.03,174.15,0.013,2.0
2026-03-24T14:30:00Z,gNB-002,Cell-B2,132,273,86,273,1635,1604,234,224,511.95,182.48,0.017,3.91
2026-03-24T14:00:00Z,gNB-002,Cell-B3,135,273,111,273,935,880,72,62,447.84,154.53,0.011,2.38
2026-03-24T14:15:00Z,gNB-002,Cell-B3,129,273,109,273,783,772,166,160,442.07,102.32,0.013,3.94
2026-03-24T14:30:00Z,gNB-002,Cell-B3,130,273,97,273,1726,1637,103,87,475.51,161.0,0.019,2.95
2026-03-24T14:30:00Z,gNB-001,Cell-A1,118,273,86,273,795,742,165,141,829.46,297.96,0.015,3.01
2026-03-24T14:45:00Z,gNB-001,Cell-A1,126,273,94,273,1473,1412,114,102,788.53,297.13,0.019,2.52
2026-03-24T15:00:00Z,gNB-001,Cell-A1,113,273,88,273,867,843,155,137,872.45,275.33,0.012,2.88
2026-03-24T14:30:00Z,gNB-001,Cell-A2,153,273,134,273,1298,1265,209,200,459.78,162.55,0.016,2.68
2026-03-24T14:45:00Z,gNB-001,Cell-A2,149,273,119,273,843,824,104,98,436.73,152.51,0.012,2.55
2026-03-24T15:00:00Z,gNB-001,Cell-A2,165,273,136,273,840,781,82,72,445.03,137.53,0.018,3.95
2026-03-24T14:30:00Z,gNB-001,Cell-A3,199,273,160,273,1076,993,131,122,444.73,171.95,0.03,6.54
2026-03-24T14:45:00Z,gNB-001,Cell-A3,213,273,140,273,1619,1504,116,107,448.24,153.15,0.026,7.13
2026-03-24T15:00:00Z,gNB-001,Cell-A3,227,273,151,273,1048,967,218,187,470.13,173.88,0.037,6.77
2026-03-24T14:30:00Z,gNB-002,Cell-B1,204,273,132,273,929,895,129,112,597.34,226.27,0.039,7.31
2026-03-24T14:45:00Z,gNB-002,Cell-B1,183,273,155,273,1164,1113,125,108,609.54,170.65,0.011,3.88
2026-03-24T15:00:00Z,gNB-002,Cell-B1,201,273,125,273,1070,1001,191,166,569.74,138.1,0.033,6.96
2026-03-24T14:30:00Z,gNB-002,Cell-B2,209,273,169,273,1867,1755,49,42,701.1,181.81,0.045,4.43
2026-03-24T14:45:00Z,gNB-002,Cell-B2,188,273,146,273,1102,1029,79,74,636.53,199.06,0.018,2.06
2026-03-24T15:00:00Z,gNB-002,Cell-B2,217,273,190,273,1542,1425,126,110,731.73,243.53,0.028,4.37
2026-03-24T14:30:00Z,gNB-002,Cell-B3,145,273,110,273,1094,1026,139,134,391.66,131.73,0.013,3.74
2026-03-24T14:45:00Z,gNB-002,Cell-B3,133,273,81,273,1801,1748,182,168,414.96,112.47,0.018,2.24
2026-03-24T15:00:00Z,gNB-002,Cell-B3,142,273,123,273,1317,1253,135,130,364.81,137.73,0.017,2.98
2026-03-24T15:00:00Z,gNB-001,Cell-A1,208,273,145,273,1100,1037,57,51,536.63,196.32,0.042,5.44
2026-03-24T15:15:00Z,gNB-001,Cell-A1,200,273,178,273,1015,998,200,172,529.44,184.69,0.032,4.94
2026-03-24T15:30:00Z,gNB-001,Cell-A1,217,273,184,273,1665,1608,130,113,558.43,138.09,0.035,7.86
2026-03-24T15:00:00Z,gNB-001,Cell-A2,195,273,155,273,1623,1591,167,159,473.41,162.9,0.048,5.95
2026-03-24T15:15:00Z,gNB-001,Cell-A2,203,273,161,273,912,862,51,44,443.01,158.38,0.032,6.61
2026-03-24T15:30:00Z,gNB-001,Cell-A2,197,273,173,273,1271,1232,176,158,467.75,106.93,0.027,5.46
2026-03-24T15:00:00Z,gNB-001,Cell-A3,197,273,170,273,1659,1582,140,125,520.93,122.65,0.021,7.12
2026-03-24T15:15:00Z,gNB-001,Cell-A3,180,273,110,273,1342,1276,59,54,506.55,158.79,0.018,3.06
2026-03-24T15:30:00Z,gNB-001,Cell-A3,197,273,133,273,1714,1620,207,188,506.37,127.83,0.022,5.01
2026-03-24T15:00:00Z,gNB-002,Cell-B1,117,273,99,273,1688,1585,129,120,887.04,342.81,0.01,3.58
2026-03-24T15:15:00Z,gNB-002,Cell-B1,116,273,95,273,1561,1500,42,37,881.56,189.55,0.019,2.37
2026-03-24T15:30:00Z,gNB-002,Cell-B1,131,273,107,273,1895,1759,169,157,900.28,349.71,0.011,2.49
2026-03-24T15:00:00Z,gNB-002,Cell-B2,189,273,137,273,1162,1101,37,34,845.1,215.61,0.017,3.63
2026-03-24T15:15:00Z,gNB-002,Cell-B2,203,273,181,273,1472,1377,72,63,713.92,183.36,0.026,5.02
2026-03-24T15:30:00Z,gNB-002,Cell-B2,208,273,177,273,1207,1143,211,203,763.2,261.94,0.047,7.79
2026-03-24T15:00:00Z,gNB-002,Cell-B3,170,273,132,273,1015,947,72,65,582.55,128.11,0.01,2.96
2026-03-24T15:15:00Z,gNB-002,Cell-B3,159,273,104,273,1045,1002,86,82,587.3,142.61,0.015,2.75
2026-03-24T15:30:00Z,gNB-002,Cell-B3,157,273,134,273,1442,1370,109,102,589.07,177.82,0.017,2.36
2026-03-24T15:30:00Z,gNB-001,Cell-A1,221,273,147,273,1247,1153,43,38,513.89,123.94,0.045,7.75
2026-03-24T15:45:00Z,gNB-001,Cell-A1,210,273,178,273,1732,1697,67,64,618.04,147.77,0.036,5.32
2026-03-24T16:00:00Z,gNB-001,Cell-A1,248,273,174,273,1294,1228,105,96,569.48,205.71,0.074,10.88
2026-03-24T15:30:00Z,gNB-001,Cell-A2,244,273,216,273,1110,1053,43,37,760.17,197.34,0.021,5.83
2026-03-24T15:45:00Z,gNB-001,Cell-A2,246,273,219,273,1071,1014,40,37,805.96,296.33,0.089,10.12
2026-03-24T16:00:00Z,gNB-001,Cell-A2,247,273,197,273,1768,1633,42,36,859.92,200.28,0.082,9.61
2026-03-24T15:30:00Z,gNB-001,Cell-A3,128,273,96,273,1488,1417,85,74,827.68,314.54,0.017,2.74
2026-03-24T15:45:00Z,gNB-001,Cell-A3,125,273,80,273,944,901,178,156,924.79,228.28,0.016,2.24
2026-03-24T16:00:00Z,gNB-001,Cell-A3,128,273,105,273,978,950,244,231,825.75,253.99,0.018,3.21
2026-03-24T15:30:00Z,gNB-002,Cell-B1,199,273,156,273,930,904,38,32,582.92,144.38,0.039,6.41
2026-03-24T15:45:00Z,gNB-002,Cell-B1,211,273,166,273,978,904,191,179,550.92,145.25,0.044,5.01
2026-03-24T16:00:00Z,gNB-002,Cell-B1,219,273,169,273,1455,1432,166,141,516.85,151.56,0.041,5.81
2026-03-24T15:30:00Z,gNB-002,Cell-B2,163,273,130,273,1418,1340,93,80,681.56,207.63,0.013,3.88
2026-03-24T15:45:00Z,gNB-002,Cell-B2,137,273,104,273,1436,1352,151,129,564.54,208.28,0.019,3.71
2026-03-24T16:00:00Z,gNB-002,Cell-B2,148,273,117,273,1525,1475,71,68,586.13,154.36,0.011,2.46
2026-03-24T15:30:00Z,gNB-002,Cell-B3,120,273,80,273,1039,1008,80,75,848.67,283.99,0.011,3.2
2026-03-24T15:45:00Z,gNB-002,Cell-B3,118,273,73,273,1230,1196,200,170,830.47,254.38,0.015,3.95
2026-03-24T16:00:00Z,gNB-002,Cell-B3,120,273,87,273,1342,1271,150,145,771.66,250.54,0.012,2.68
2026-03-24T16:00:00Z,gNB-001,Cell-A1,160,273,141,273,1391,1339,103,94,652.38,197.93,0.019,2.53
2026-03-24T16:15:00Z,gNB-001,Cell-A1,146,273,127,273,1817,1712,67,64,737.75,188.3,0.016,2.76
2026-03-24T16:30:00Z,gNB-001,Cell-A1,154,273,109,273,1207,1161,128,119,646.12,176.06,0.017,2.92
2026-03-24T16:00:00Z,gNB-001,Cell-A2,100,273,63,273,1090,1056,69,61,640.31,209.62,0.012,3.85
2026-03-24T16:15:00Z,gNB-001,Cell-A2,98,273,77,273,891,832,121,103,715.4,264.73,0.02,3.4
2026-03-24T16:30:00Z,gNB-001,Cell-A2,108,273,85,273,871,831,220,188,628.04,235.24,0.017,2.72
2026-03-24T16:00:00Z,gNB-001,Cell-A3,133,273,118,273,874,823,181,157,657.77,199.66,0.013,3.87
2026-03-24T16:15:00Z,gNB-001,Cell-A3,149,273,96,273,1323,1270,186,158,647.24,210.12,0.015,2.81
2026-03-24T16:30:00Z,gNB-001,Cell-A3,133,273,94,273,1047,1015,190,173,586.78,129.63,0.016,2.75
2026-03-24T16:00:00Z,gNB-002,Cell-B1,253,273,222,273,1242,1206,131,117,767.64,214.5,0.071,10.19
2026-03-24T16:15:00Z,gNB-002,Cell-B1,242,273,173,273,1853,1804,62,54,783.29,213.89,0.026,4.13
2026-03-24T16:30:00Z,gNB-002,Cell-B1,269,273,165,273,1726,1601,147,130,793.03,310.77,0.077,8.36
2026-03-24T16:00:00Z,gNB-002,Cell-B2,227,273,143,273,1191,1154,105,95,511.29,184.64,0.026,4.46
2026-03-24T16:15:00Z,gNB-002,Cell-B2,223,273,166,273,1042,973,197,168,462.62,133.94,0.028,4.2
2026-03-24T16:30:00Z,gNB-002,Cell-B2,229,273,195,273,1235,1155,181,160,463.77,146.81,0.027,4.06
2026-03-24T16:00:00Z,gNB-002,Cell-B3,240,273,172,273,1142,1069,97,92,685.5,140.39,0.021,6.6
2026-03-24T16:15:00Z,gNB-002,Cell-B3,225,273,152,273,1364,1275,81,71,641.21,227.76,0.036,6.91
2026-03-24T16:30:00Z,gNB-002,Cell-B3,240,273,153,273,1776,1711,131,118,690.91,172.52,0.044,6.03
2026-03-24T16:30:00Z,gNB-001,Cell-A1,239,273,167,273,1640,1526,209,184,759.8,157.65,0.043,5.24
2026-03-24T16:45:00Z,gNB-001,Cell-A1,258,273,155,273,1369,1338,193,179,782.44,232.14,0.08,10.86
2026-03-24T17:00:00Z,gNB-001,Cell-A1,259,273,157,273,998,973,43,37,739.75,284.47,0.098,10.48
2026-03-24T16:30:00Z,gNB-001,Cell-A2,142,273,115,273,1462,1371,55,51,890.4,186.91,0.018,3.6
2026-03-24T16:45:00Z,gNB-001,Cell-A2,156,273,102,273,1177,1139,44,41,790.25,220.98,0.017,3.76
2026-03-24T17:00:00Z,gNB-001,Cell-A2,147,273,111,273,1330,1242,135,123,913.64,206.54,0.016,2.92
2026-03-24T16:30:00Z,gNB-001,Cell-A3,196,273,149,273,1476,1367,50,45,605.33,174.35,0.02,4.16
2026-03-24T16:45:00Z,gNB-001,Cell-A3,202,273,129,273,1079,1048,33,29,674.93,193.92,0.021,5.41
2026-03-24T17:00:00Z,gNB-001,Cell-A3,210,273,149,273,1525,1505,208,179,671.92,150.83,0.032,4.37
2026-03-24T16:30:00Z,gNB-002,Cell-B1,211,273,142,273,1268,1198,99,84,641.44,166.24,0.039,4.18
2026-03-24T16:45:00Z,gNB-002,Cell-B1,216,273,157,273,1308,1233,237,203,765.68,274.96,0.021,6.67
2026-03-24T17:00:00Z,gNB-002,Cell-B1,204,273,134,273,894,877,212,197,665.3,203.96,0.043,5.28
2026-03-24T16:30:00Z,gNB-002,Cell-B2,186,273,156,273,1339,1271,151,144,647.19,253.39,0.012,2.83
2026-03-24T16:45:00Z,gNB-002,Cell-B2,194,273,136,273,1599,1551,191,176,697.13,169.95,0.028,6.48
2026-03-24T17:00:00Z,gNB-002,Cell-B2,194,273,166,273,1555,1511,118,109,733.05,281.15,0.029,6.97
2026-03-24T16:30:00Z,gNB-002,Cell-B3,149,273,113,273,1421,1314,219,205,430.16,119.61,0.019,2.41
2026-03-24T16:45:00Z,gNB-002,Cell-B3,156,273,117,273,1010,980,55,47,425.57,105.23,0.013,3.52
2026-03-24T17:00:00Z,gNB-002,Cell-B3,135,273,84,273,1038,969,162,145,385.38,132.94,0.019,3.92
2026-03-24T17:00:00Z,gNB-001,Cell-A1,120,273,76,273,1175,1153,198,185,715.07,285.42,0.013,3.91
2026-03-24T17:15:00Z,gNB-001,Cell-A1,111,273,98,273,1546,1424,47,41,682.08,142.26,0.016,2.76
2026-03-24T17:30:00Z,gNB-001,Cell-A1,105,273,83,273,1516,1472,65,62,723.47,211.8,0.014,2.39
2026-03-24T17:00:00Z,gNB-001,Cell-A2,184,273,165,273,834,801,171,149,818.5,209.72,0.018,3.82
2026-03-24T17:15:00Z,gNB-001,Cell-A2,193,273,130,273,873,813,132,127,757.83,168.48,0.047,6.34
2026-03-24T17:30:00Z,gNB-001,Cell-A2,189,273,119,273,1647,1549,130,124,688.9,211.79,0.011,2.3
2026-03-24T17:00:00Z,gNB-001,Cell-A3,113,273,93,273,1592,1534,85,79,783.66,215.68,0.012,3.85
2026-03-24T17:15:00Z,gNB-001,Cell-A3,100,273,68,273,1614,1557,175,164,681.52,219.66,0.019,3.22
2026-03-24T17:30:00Z,gNB-001,Cell-A3,98,273,67,273,1110,1085,215,207,692.29,174.67,0.01,3.59
2026-03-24T17:00:00Z,gNB-002,Cell-B1,139,273,85,273,1312,1268,131,116,669.39,211.24,0.011,2.6
2026-03-24T17:15:00Z,gNB-002,Cell-B1,155,273,104,273,860,809,132,112,617.93,138.54,0.017,3.98
2026-03-24T17:30:00Z,gNB-002,Cell-B1,162,273,106,273,1364,1333,188,166,607.42,152.28,0.01,2.79
2026-03-24T17:00:00Z,gNB-002,Cell-B2,192,273,147,273,833,820,168,161,449.31,130.28,0.048,5.1
2026-03-24T17:15:00Z,gNB-002,Cell-B2,166,273,100,273,934,886,98,87,449.75,102.34,0.013,2.11
2026-03-24T17:30:00Z,gNB-002,Cell-B2,190,273,169,273,1210,1149,50,47,425.18,135.17,0.01,2.31
2026-03-24T17:00:00Z,gNB-002,Cell-B3,177,273,117,273,1764,1709,176,158,449.45,113.48,0.02,3.65
2026-03-24T17:15:00Z,gNB-002,Cell-B3,183,273,131,273,1568,1505,147,132,412.59,103.83,0.015,3.78
2026-03-24T17:30:00Z,gNB-002,Cell-B3,175,273,137,273,1642,1615,197,168,395.52,114.89,0.012,2.89
2026-03-24T17:30:00Z,gNB-001,Cell-A1,155,273,118,273,1070,1002,169,147,522.31,170.64,0.011,2.33
2026-03-24T17:45:00Z,gNB-001,Cell-A1,167,273,107,273,1138,1122,121,106,501.67,153.68,0.018,3.52
2026-03-24T18:00:00Z,gNB-001,Cell-A1,155,273,130,273,1222,1145,56,53,547.62,118.57,0.019,2.77
2026-03-24T17:30:00Z,gNB-001,Cell-A2,183,273,125,273,997,980,189,168,551.6,210.35,0.012,3.92
2026-03-24T17:45:00Z,gNB-001,Cell-A2,179,273,155,273,1428,1320,126,119,535.58,160.89,0.016,3.55
2026-03-24T18:00:00Z,gNB-001,Cell-A2,172,273,108,273,1319,1236,116,108,514.88,114.59,0.017,3.98
2026-03-24T17:30:00Z,gNB-001,Cell-A3,155,273,137,273,1184,1128,39,36,561.84,145.9,0.014,2.11
2026-03-24T17:45:00Z,gNB-001,Cell-A3,147,273,128,273,1452,1408,175,158,656.77,161.94,0.016,3.28
2026-03-24T18:00:00Z,gNB-001,Cell-A3,155,273,110,273,973,961,165,149,552.01,140.17,0.015,2.72
2026-03-24T17:30:00Z,gNB-002,Cell-B1,131,273,78,273,1552,1429,196,175,812.25,198.55,0.016,3.58
2026-03-24T17:45:00Z,gNB-002,Cell-B1,144,273,111,273,1262,1204,50,44,878.78,282.66,0.011,2.17
2026-03-24T18:00:00Z,gNB-002,Cell-B1,130,273,85,273,1130,1044,170,152,881.57,351.62,0.012,3.49
2026-03-24T17:30:00Z,gNB-002,Cell-B2,146,273,128,273,1120,1078,194,168,588.76,152.59,0.017,4.0
2026-03-24T17:45:00Z,gNB-002,Cell-B2,132,273,117,273,1131,1074,229,199,530.17,208.09,0.014,2.72
2026-03-24T18:00:00Z,gNB-002,Cell-B2,157,273,129,273,1443,1427,83,76,507.29,105.55,0.014,3.94
2026-03-24T17:30:00Z,gNB-002,Cell-B3,235,273,191,273,860,805,67,59,705.6,242.72,0.043,5.75
2026-03-24T17:45:00Z,gNB-002,Cell-B3,230,273,147,273,1390,1338,225,214,658.67,179.33,0.022,5.33
2026-03-24T18:00:00Z,gNB-002,Cell-B3,196,273,145,273,1723,1618,174,165,690.9,175.03,0.021,4.92
2026-03-24T18:00:00Z,gNB-001,Cell-A1,112,273,85,273,1717,1669,91,83,748.61,296.35,0.02,3.28
2026-03-24T18:15:00Z,gNB-001,Cell-A1,125,273,98,273,1386,1351,215,208,693.67,224.97,0.012,4.0
2026-03-24T18:30:00Z,gNB-001,Cell-A1,104,273,65,273,1297,1250,226,215,794.62,297.77,0.019,2.88
2026-03-24T18:00:00Z,gNB-001,Cell-A2,148,273,89,273,905,876,215,196,873.75,190.73,0.015,2.27
2026-03-24T18:15:00Z,gNB-001,Cell-A2,157,273,103,273,1371,1311,183,161,845.77,186.11,0.015,2.27
2026-03-24T18:30:00Z,gNB-001,Cell-A2,161,273,112,273,1054,979,66,58,887.73,233.05,0.013,2.23
2026-03-24T18:00:00Z,gNB-001,Cell-A3,213,273,169,273,985,919,91,78,472.3,125.43,0.028,7.79
2026-03-24T18:15:00Z,gNB-001,Cell-A3,218,273,156,273,1559,1501,190,180,497.33,116.05,0.032,6.04
2026-03-24T18:30:00Z,gNB-001,Cell-A3,203,273,135,273,981,962,204,183,485.71,125.34,0.047,6.22
2026-03-24T18:00:00Z,gNB-002,Cell-B1,234,273,190,273,1423,1324,249,225,812.68,262.52,0.037,6.17
2026-03-24T18:15:00Z,gNB-002,Cell-B1,223,273,183,273,1636,1554,105,96,846.75,309.5,0.03,7.68
2026-03-24T18:30:00Z,gNB-002,Cell-B1,232,273,204,273,1423,1318,57,51,793.39,265.46,0.024,5.92
2026-03-24T18:00:00Z,gNB-002,Cell-B2,180,273,148,273,1806,1763,148,141,828.69,288.98,0.014,3.58
2026-03-24T18:15:00Z,gNB-002,Cell-B2,212,273,172,273,1447,1334,228,199,749.53,154.41,0.033,7.84
2026-03-24T18:30:00Z,gNB-002,Cell-B2,211,273,151,273,1271,1238,66,58,752.26,244.87,0.027,5.9
2026-03-24T18:00:00Z,gNB-002,Cell-B3,201,273,126,273,1436,1372,113,109,719.17,233.59,0.045,4.96
2026-03-24T18:15:00Z,gNB-002,Cell-B3,192,273,138,273,1393,1349,179,158,660.23,179.6,0.036,6.44
2026-03-24T18:30:00Z,gNB-002,Cell-B3,196,273,127,273,1522,1474,248,234,676.01,226.89,0.026,6.01
2026-03-24T18:30:00Z,gNB-001,Cell-A1,193,273,158,273,1691,1602,240,212,525.31,145.15,0.032,6.62
2026-03-24T18:45:00Z,gNB-001,Cell-A1,177,273,124,273,1545,1455,97,87,481.59,136.69,0.018,3.7
2026-03-24T19:00:00Z,gNB-001,Cell-A1,172,273,141,273,1603,1585,145,136,440.93,173.01,0.016,3.03
2026-03-24T18:30:00Z,gNB-001,Cell-A2,217,273,143,273,1115,1065,151,142,738.43,160.23,0.027,5.13
2026-03-24T18:45:00Z,gNB-001,Cell-A2,197,273,151,273,1090,1075,181,160,690.18,163.8,0.03,7.0
2026-03-24T19:00:00Z,gNB-001,Cell-A2,206,273,178,273,1052,990,208,197,739.07,158.4,0.022,4.49
2026-03-24T18:30:00Z,gNB-001,Cell-A3,149,273,105,273,941,874,182,161,792.1,264.64,0.013,3.06
2026-03-24T18:45:00Z,gNB-001,Cell-A3,152,273,111,273,1594,1577,174,165,818.91,311.81,0.016,2.69
2026-03-24T19:00:00Z,gNB-001,Cell-A3,147,273,94,273,1734,1627,133,119,897.15,316.74,0.014,2.68
2026-03-24T18:30:00Z,gNB-002,Cell-B1,98,273,85,273,1189,1115,206,175,460.51,169.06,0.013,2.75
2026-03-24T18:45:00Z,gNB-002,Cell-B1,119,273,95,273,876,838,86,83,426.53,117.26,0.011,3.29
2026-03-24T19:00:00Z,gNB-002,Cell-B1,101,273,71,273,1888,1785,71,67,439.69,162.67,0.015,2.55
2026-03-24T18:30:00Z,gNB-002,Cell-B2,224,273,180,273,1361,1325,216,198,678.56,147.09,0.04,4.08
2026-03-24T18:45:00Z,gNB-002,Cell-B2,205,273,184,273,1617,1531,126,108,579.97,176.38,0.03,4.34
2026-03-24T19:00:00Z,gNB-002,Cell-B2,240,273,191,273,1813,1770,229,202,587.2,189.95,0.047,7.22
2026-03-24T18:30:00Z,gNB-002,Cell-B3,186,273,134,273,1930,1851,99,93,549.35,142.5,0.017,2.42
2026-03-24T18:45:00Z,gNB-002,Cell-B3,206,273,157,273,1002,939,88,82,530.09,145.23,0.046,6.98
2026-03-24T19:00:00Z,gNB-002,Cell-B3,207,273,149,273,1396,1351,187,166,515.88,158.09,0.046,6.93
2026-03-24T19:00:00Z,gNB-001,Cell-A1,236,273,188,273,1205,1159,58,52,718.33,159.83,0.033,5.54
2026-03-24T19:15:00Z,gNB-001,Cell-A1,231,273,192,273,1239,1204,79,70,696.91,204.79,0.026,6.16
2026-03-24T19:30:00Z,gNB-001,Cell-A1,230,273,146,273,796,762,62,57,801.71,265.64,0.045,4.51
2026-03-24T19:00:00Z,gNB-001,Cell-A2,110,273,92,273,961,932,159,138,498.19,169.51,0.015,3.47
2026-03-24T19:15:00Z,gNB-001,Cell-A2,99,273,68,273,1520,1439,143,123,575.16,141.47,0.012,2.1
2026-03-24T19:30:00Z,gNB-001,Cell-A2,95,273,79,273,974,899,107,92,491.28,104.82,0.014,2.9
2026-03-24T19:00:00Z,gNB-001,Cell-A3,125,273,94,273,1439,1391,222,199,500.14,125.61,0.015,2.48
2026-03-24T19:15:00Z,gNB-001,Cell-A3,108,273,78,273,1605,1526,155,147,490.54,174.92,0.011,3.43
2026-03-24T19:30:00Z,gNB-001,Cell-A3,122,273,90,273,1509,1411,77,73,456.98,150.67,0.017,2.55
2026-03-24T19:00:00Z,gNB-002,Cell-B1,205,273,178,273,1440,1400,244,209,400.02,112.77,0.048,7.58
2026-03-24T19:15:00Z,gNB-002,Cell-B1,187,273,158,273,996,926,185,168,450.91,91.47,0.015,2.97
2026-03-24T19:30:00Z,gNB-002,Cell-B1,180,273,138,273,1812,1708,112,104,456.9,118.67,0.015,3.65
2026-03-24T19:00:00Z,gNB-002,Cell-B2,168,273,130,273,866,834,222,190,440.89,169.05,0.015,2.7
2026-03-24T19:15:00Z,gNB-002,Cell-B2,168,273,128,273,1167,1074,210,189,442.55,96.07,0.017,2.48
2026-03-24T19:30:00Z,gNB-002,Cell-B2,162,273,109,273,1053,1013,181,158,401.66,84.44,0.018,3.35
2026-03-24T19:00:00Z,gNB-002,Cell-B3,175,273,112,273,1698,1602,174,159,823.62,217.75,0.014,2.78
2026-03-24T19:15:00Z,gNB-002,Cell-B3,174,273,135,273,1157,1117,186,169,751.42,186.51,0.018,2.34
2026-03-24T19:30:00Z,gNB-002,Cell-B3,159,273,111,273,1580,1560,58,53,727.16,228.65,0.012,2.47
2026-03-24T19:30:00Z,gNB-001,Cell-A1,158,273,131,273,924,873,164,147,921.23,355.08,0.014,2.05
2026-03-24T19:45:00Z,gNB-001,Cell-A1,168,273,104,273,990,956,54,48,835.1,242.35,0.019,3.36
2026-03-24T20:00:00Z,gNB-001,Cell-A1,158,273,104,273,1494,1393,202,188,774.75,200.62,0.018,3.68
2026-03-24T19:30:00Z,gNB-001,Cell-A2,270,273,206,273,1491,1457,84,81,542.69,121.66,0.081,10.17
2026-03-24T19:45:00Z,gNB-001,Cell-A2,262,273,174,273,837,775,91,86,617.83,130.59,0.076,11.59
2026-03-24T20:00:00Z,gNB-001,Cell-A2,265,273,224,273,976,913,66,62,532.01,126.54,0.079,8.8
2026-03-24T19:30:00Z,gNB-001,Cell-A3,267,273,163,273,1184,1116,112,101,849.18,271.95,0.066,9.95
2026-03-24T19:45:00Z,gNB-001,Cell-A3,243,273,207,273,1644,1616,226,208,866.71,325.76,0.033,6.49
2026-03-24T20:00:00Z,gNB-001,Cell-A3,258,273,201,273,1289,1206,113,96,751.73,293.11,0.073,8.8
2026-03-24T19:30:00Z,gNB-002,Cell-B1,172,273,143,273,1650,1605,214,190,879.68,299.56,0.011,2.77
2026-03-24T19:45:00Z,gNB-002,Cell-B1,178,273,126,273,1721,1595,181,174,846.23,228.35,0.019,2.66
2026-03-24T20:00:00Z,gNB-002,Cell-B1,150,273,115,273,832,770,113,100,870.94,200.55,0.017,2.96
2026-03-24T19:30:00Z,gNB-002,Cell-B2,231,273,198,273,1747,1691,64,59,847.11,177.75,0.032,4.8
2026-03-24T19:45:00Z,gNB-002,Cell-B2,230,273,160,273,1556,1440,169,156,827.92,210.51,0.033,7.85
2026-03-24T20:00:00Z,gNB-002,Cell-B2,203,273,126,273,1207,1134,130,111,875.8,324.79,0.043,4.27
2026-03-24T19:30:00Z,gNB-002,Cell-B3,175,273,110,273,1845,1703,90,76,509.22,186.78,0.019,3.0
2026-03-24T19:45:00Z,gNB-002,Cell-B3,177,273,155,273,1558,1536,65,62,523.73,173.95,0.011,3.0
2026-03-24T20:00:00Z,gNB-002,Cell-B3,154,273,114,273,1401,1372,219,186,490.57,115.66,0.016,3.96
2026-03-24T20:00:00Z,gNB-001,Cell-A1,194,273,160,273,1035,1022,173,159,443.04,124.48,0.049,4.27
2026-03-24T20:15:00Z,gNB-001,Cell-A1,217,273,180,273,1641,1533,71,65,494.63,108.42,0.039,4.0
2026-03-24T20:30:00Z,gNB-001,Cell-A1,193,273,125,273,1396,1334,122,108,497.15,179.93,0.046,7.83
2026-03-24T20:00:00Z,gNB-001,Cell-A2,109,273,97,273,1590,1526,125,106,422.39,166.14,0.015,2.61
2026-03-24T20:15:00Z,gNB-001,Cell-A2,121,273,93,273,1475,1376,94,90,446.17,155.83,0.011,2.61
2026-03-24T20:30:00Z,gNB-001,Cell-A2,116,273,89,273,809,767,221,213,443.18,158.1,0.01,3.99
2026-03-24T20:00:00Z,gNB-001,Cell-A3,100,273,68,273,1272,1170,47,44,556.2,118.32,0.01,2.23
2026-03-24T20:15:00Z,gNB-001,Cell-A3,114,273,69,273,1802,1688,141,123,512.3,168.59,0.016,3.26
2026-03-24T20:30:00Z,gNB-001,Cell-A3,105,273,93,273,1437,1384,239,213,509.27,186.04,0.013,2.16
2026-03-24T20:00:00Z,gNB-002,Cell-B1,102,273,86,273,1723,1656,181,154,752.28,199.5,0.018,2.73
2026-03-24T20:15:00Z,gNB-002,Cell-B1,99,273,75,273,1244,1226,177,159,872.92,214.65,0.012,2.42
2026-03-24T20:30:00Z,gNB-002,Cell-B1,119,273,100,273,1164,1080,237,208,821.91,229.54,0.019,2.43
2026-03-24T20:00:00Z,gNB-002,Cell-B2,190,273,162,273,1584,1466,200,183,722.8,269.21,0.016,2.9
2026-03-24T20:15:00Z,gNB-002,Cell-B2,172,273,136,273,1500,1409,126,116,700.61,225.85,0.017,2.78
2026-03-24T20:30:00Z,gNB-002,Cell-B2,178,273,143,273,1304,1246,209,181,722.6,162.17,0.018,2.91
2026-03-24T20:00:00Z,gNB-002,Cell-B3,194,273,138,273,1878,1742,96,92,688.88,211.59,0.038,6.88
2026-03-24T20:15:00Z,gNB-002,Cell-B3,218,273,143,273,1168,1087,145,134,633.41,208.06,0.043,6.52
2026-03-24T20:30:00Z,gNB-002,Cell-B3,231,273,167,273,1485,1415,90,82,620.01,197.15,0.024,4.08
2026-03-24T20:30:00Z,gNB-001,Cell-A1,97,273,60,273,1649,1535,188,176,850.4,267.58,0.011,3.77
2026-03-24T20:45:00Z,gNB-001,Cell-A1,115,273,87,273,1544,1505,54,47,898.7,269.31,0.013,2.13
2026-03-24T21:00:00Z,gNB-001,Cell-A1,107,273,71,273,961,900,250,230,801.63,198.74,0.011,2.21
2026-03-24T20:30:00Z,gNB-001,Cell-A2,206,273,160,273,1164,1142,69,60,934.92,195.94,0.039,4.54
2026-03-24T20:45:00Z,gNB-001,Cell-A2,187,273,129,273,975,899,216,185,830.72,317.85,0.015,2.59
2026-03-24T21:00:00Z,gNB-001,Cell-A2,196,273,152,273,1181,1162,203,173,880.39,261.84,0.045,7.59
2026-03-24T20:30:00Z,gNB-001,Cell-A3,267,273,215,273,1599,1477,175,159,668.69,166.08,0.09,8.23
2026-03-24T20:45:00Z,gNB-001,Cell-A3,236,273,168,273,1789,1707,59,55,677.38,151.98,0.021,4.3
2026-03-24T21:00:00Z,gNB-001,Cell-A3,231,273,207,273,1342,1238,44,40,701.29,266.55,0.04,5.02
2026-03-24T20:30:00Z,gNB-002,Cell-B1,203,273,177,273,1436,1413,79,73,405.88,87.94,0.032,7.18
2026-03-24T20:45:00Z,gNB-002,Cell-B1,206,273,152,273,842,824,54,51,475.95,174.61,0.031,7.96
2026-03-24T21:00:00Z,gNB-002,Cell-B1,169,273,110,273,1032,987,78,68,402.45,149.68,0.014,2.95
2026-03-24T20:30:00Z,gNB-002,Cell-B2,156,273,134,273,1369,1341,76,66,667.0,240.12,0.012,2.95
2026-03-24T20:45:00Z,gNB-002,Cell-B2,176,273,143,273,1742,1688,201,193,672.39,216.89,0.015,3.12
2026-03-24T21:00:00Z,gNB-002,Cell-B2,160,273,105,273,1832,1774,207,181,753.93,220.44,0.015,2.18
2026-03-24T20:30:00Z,gNB-002,Cell-B3,259,273,204,273,1135,1084,135,120,653.51,224.53,0.051,8.67
2026-03-24T20:45:00Z,gNB-002,Cell-B3,243,273,185,273,1150,1084,179,167,715.82,273.85,0.035,6.18
2026-03-24T21:00:00Z,gNB-002,Cell-B3,236,273,193,273,1725,1690,138,123,639.31,189.52,0.038,5.82
2026-03-24T21:00:00Z,gNB-001,Cell-A1,230,273,182,273,1577,1499,134,113,536.05,194.9,0.036,7.47
2026-03-24T21:15:00Z,gNB-001,Cell-A1,232,273,146,273,1635,1548,100,89,448.72,139.34,0.031,4.33
2026-03-24T21:30:00Z,gNB-001,Cell-A1,230,273,156,273,1075,1062,46,42,511.58,200.13,0.025,4.23
2026-03-24T21:00:00Z,gNB-001,Cell-A2,106,273,74,273,1559,1485,97,90,617.59,135.86,0.018,2.68
2026-03-24T21:15:00Z,gNB-001,Cell-A2,117,273,93,273,1428,1388,249,229,654.28,183.73,0.019,2.33
2026-03-24T21:30:00Z,gNB-001,Cell-A2,111,273,92,273,1227,1139,178,170,614.92,192.23,0.017,3.23
2026-03-24T21:00:00Z,gNB-001,Cell-A3,106,273,77,273,1545,1462,114,99,708.4,256.21,0.019,3.06
2026-03-24T21:15:00Z,gNB-001,Cell-A3,107,273,89,273,1157,1068,69,64,753.0,250.7,0.018,2.7
2026-03-24T21:30:00Z,gNB-001,Cell-A3,102,273,83,273,885,822,236,208,690.03,206.35,0.013,2.76
2026-03-24T21:00:00Z,gNB-002,Cell-B1,155,273,120,273,1164,1118,71,63,572.73,122.61,0.016,3.37
2026-03-24T21:15:00Z,gNB-002,Cell-B1,168,273,105,273,1357,1317,101,87,563.38,132.82,0.016,2.32
2026-03-24T21:30:00Z,gNB-002,Cell-B1,166,273,114,273,947,908,42,39,570.26,182.71,0.019,3.86
2026-03-24T21:00:00Z,gNB-002,Cell-B2,105,273,66,273,1517,1415,120,110,703.61,271.13,0.017,2.24
2026-03-24T21:15:00Z,gNB-002,Cell-B2,114,273,79,273,1145,1055,181,155,809.86,166.48,0.011,3.94
2026-03-24T21:30:00Z,gNB-002,Cell-B2,102,273,77,273,1264,1223,124,119,736.11,180.67,0.011,3.89
2026-03-24T21:00:00Z,gNB-002,Cell-B3,106,273,91,273,1007,927,122,115,753.51,152.3,0.018,3.42
2026-03-24T21:15:00Z,gNB-002,Cell-B3,98,273,80,273,1266,1184,122,111,761.21,236.59,0.011,2.07
2026-03-24T21:30:00Z,gNB-002,Cell-B3,108,273,93,273,1714,1615,52,47,843.75,190.69,0.017,3.98
2026-03-24T21:30:00Z,gNB-001,Cell-A1,252,273,180,273,1690,1637,190,164,520.08,178.54,0.097,8.48
2026-03-24T21:45:00Z,gNB-001,Cell-A1,270,273,198,273,1259,1193,161,143,504.02,123.13,0.062,10.2
2026-03-24T22:00:00Z,gNB-001,Cell-A1,267,273,172,273,913,871,73,65,485.45,112.82,0.082,8.87
2026-03-24T21:30:00Z,gNB-001,Cell-A2,153,273,98,273,1234,1144,206,192,876.79,340.11,0.011,3.01
2026-03-24T21:45:00Z,gNB-001,Cell-A2,140,273,107,273,1639,1576,204,185,883.86,286.81,0.02,2.8
2026-03-24T22:00:00Z,gNB-001,Cell-A2,147,273,114,273,1196,1114,88,84,899.43,216.63,0.019,3.59
2026-03-24T21:30:00Z,gNB-001,Cell-A3,133,273,100,273,1578,1480,147,126,424.09,85.54,0.018,2.91
2026-03-24T21:45:00Z,gNB-001,Cell-A3,138,273,122,273,1082,1067,225,195,468.96,97.28,0.019,2.39
2026-03-24T22:00:00Z,gNB-001,Cell-A3,142,273,113,273,883,867,115,109,452.29,161.86,0.013,3.35
2026-03-24T21:30:00Z,gNB-002,Cell-B1,263,273,219,273,1010,953,116,112,556.47,166.38,0.06,8.52
2026-03-24T21:45:00Z,gNB-002,Cell-B1,241,273,152,273,1361,1311,210,183,507.13,130.7,0.043,4.83
2026-03-24T22:00:00Z,gNB-002,Cell-B1,243,273,170,273,1085,1029,112,95,546.97,136.27,0.049,5.09
2026-03-24T21:30:00Z,gNB-002,Cell-B2,184,273,135,273,1515,1438,204,191,920.68,197.28,0.019,2.81
2026-03-24T21:45:00Z,gNB-002,Cell-B2,163,273,102,273,1354,1330,214,187,905.79,194.86,0.013,3.77
2026-03-24T22:00:00Z,gNB-002,Cell-B2,163,273,125,273,925,856,174,151,804.8,261.18,0.012,2.33
2026-03-24T21:30:00Z,gNB-002,Cell-B3,113,273,92,273,888,874,250,214,622.03,205.57,0.015,3.99
2026-03-24T21:45:00Z,gNB-002,Cell-B3,100,273,82,273,1762,1627,30,28,626.32,215.88,0.02,3.25
2026-03-24T22:00:00Z,gNB-002,Cell-B3,95,273,77,273,1076,1044,84,74,632.51,209.67,0.017,2.75
2026-03-24T22:00:00Z,gNB-001,Cell-A1,173,273,104,273,1933,1855,136,116,433.18,124.73,0.019,3.76
2026-03-24T22:15:00Z,gNB-001,Cell-A1,147,273,103,273,1455,1418,130,120,435.23,144.09,0.011,3.9
2026-03-24T22:30:00Z,gNB-001,Cell-A1,161,273,106,273,1473,1362,32,28,420.8,151.26,0.015,2.71
2026-03-24T22:00:00Z,gNB-001,Cell-A2,138,273,118,273,1081,1063,92,83,762.7,224.46,0.011,2.34
2026-03-24T22:15:00Z,gNB-001,Cell-A2,128,273,97,273,1341,1260,149,128,820.7,260.86,0.011,2.27
2026-03-24T22:30:00Z,gNB-001,Cell-A2,155,273,127,273,1525,1447,171,153,712.62,271.93,0.014,3.07
2026-03-24T22:00:00Z,gNB-001,Cell-A3,230,273,176,273,1430,1327,67,64,451.74,180.15,0.03,4.63
2026-03-24T22:15:00Z,gNB-001,Cell-A3,239,273,159,273,1656,1615,54,48,436.85,119.08,0.028,4.38
2026-03-24T22:30:00Z,gNB-001,Cell-A3,221,273,132,273,1151,1110,99,89,459.13,157.66,0.046,4.12
2026-03-24T22:00:00Z,gNB-002,Cell-B1,143,273,88,273,1025,960,180,173,438.65,142.99,0.013,3.97
2026-03-24T22:15:00Z,gNB-002,Cell-B1,146,273,125,273,1064,1041,226,212,418.19,121.97,0.02,3.54
2026-03-24T22:30:00Z,gNB-002,Cell-B1,142,273,100,273,989,976,237,229,460.58,167.42,0.018,3.15
2026-03-24T22:00:00Z,gNB-002,Cell-B2,227,273,185,273,914,850,147,126,413.67,164.02,0.026,7.26
2026-03-24T22:15:00Z,gNB-002,Cell-B2,248,273,202,273,1555,1521,56,47,486.67,171.86,0.058,10.6
2026-03-24T22:30:00Z,gNB-002,Cell-B2,217,273,189,273,1547,1480,184,174,464.22,122.01,0.041,7.48
2026-03-24T22:00:00Z,gNB-002,Cell-B3,228,273,193,273,1354,1331,242,222,699.55,206.15,0.034,4.9
2026-03-24T22:15:00Z,gNB-002,Cell-B3,231,273,147,273,940,928,81,72,778.69,278.66,0.025,7.99
2026-03-24T22:30:00Z,gNB-002,Cell-B3,237,273,152,273,822,796,152,129,713.61,180.61,0.023,7.36
2026-03-24T22:30:00Z,gNB-001,Cell-A1,154,273,137,273,1142,1086,130,120,686.62,161.31,0.013,3.74
2026-03-24T22:45:00Z,gNB-001,Cell-A1,136,273,100,273,829,786,49,44,691.79,149.28,0.015,3.94
2026-03-24T23:00:00Z,gNB-001,Cell-A1,161,273,102,273,1607,1550,184,174,638.75,158.06,0.013,3.87
2026-03-24T22:30:00Z,gNB-001,Cell-A2,193,273,149,273,836,820,104,97,503.23,148.52,0.041,7.2
2026-03-24T22:45:00Z,gNB-001,Cell-A2,203,273,165,273,1876,1826,122,112,474.92,108.42,0.033,7.53
2026-03-24T23:00:00Z,gNB-001,Cell-A2,193,273,169,273,1491,1382,94,87,485.53,105.08,0.031,4.98
2026-03-24T22:30:00Z,gNB-001,Cell-A3,260,273,181,273,995,978,62,53,477.47,126.2,0.084,10.34
2026-03-24T22:45:00Z,gNB-001,Cell-A3,220,273,155,273,1245,1209,206,191,397.56,139.86,0.046,4.47
2026-03-24T23:00:00Z,gNB-001,Cell-A3,219,273,170,273,1317,1233,194,179,405.31,160.93,0.04,4.97
2026-03-24T22:30:00Z,gNB-002,Cell-B1,185,273,160,273,1175,1128,192,179,769.8,206.73,0.02,3.91
2026-03-24T22:45:00Z,gNB-002,Cell-B1,216,273,159,273,1100,1060,101,92,833.0,297.87,0.037,4.95
2026-03-24T23:00:00Z,gNB-002,Cell-B1,219,273,175,273,951,938,92,87,770.34,171.59,0.04,7.95
2026-03-24T22:30:00Z,gNB-002,Cell-B2,199,273,137,273,902,831,78,71,633.47,237.1,0.042,4.95
2026-03-24T22:45:00Z,gNB-002,Cell-B2,198,273,157,273,962,947,217,206,629.69,225.95,0.026,7.11
2026-03-24T23:00:00Z,gNB-002,Cell-B2,189,273,131,273,1770,1660,141,120,610.83,145.38,0.012,3.27
2026-03-24T22:30:00Z,gNB-002,Cell-B3,235,273,172,273,1057,1021,74,70,435.9,106.39,0.05,4.28
2026-03-24T22:45:00Z,gNB-002,Cell-B3,202,273,128,273,906,876,91,79,444.99,96.1,0.022,4.72
2026-03-24T23:00:00Z,gNB-002,Cell-B3,218,273,187,273,837,787,229,213,456.21,92.78,0.032,7.48
2026-03-24T23:00:00Z,gNB-001,Cell-A1,111,273,75,273,1464,1426,107,91,869.45,214.98,0.01,3.75
2026-03-24T23:15:00Z,gNB-001,Cell-A1,102,273,80,273,1274,1216,178,170,868.31,275.2,0.018,2.68
2026-03-24T23:30:00Z,gNB-001,Cell-A1,98,273,65,273,836,812,167,152,866.51,261.12,0.018,3.17
2026-03-24T23:00:00Z,gNB-001,Cell-A2,184,273,124,273,1474,1413,87,74,482.79,107.89,0.015,3.04
2026-03-24T23:15:00Z,gNB-001,Cell-A2,166,273,113,273,856,809,248,226,496.63,185.45,0.016,2.98
2026-03-24T23:30:00Z,gNB-001,Cell-A2,171,273,149,273,1376,1341,215,201,479.82,123.4,0.013,3.09
2026-03-24T23:00:00Z,gNB-001,Cell-A3,165,273,102,273,804,741,120,107,475.81,102.28,0.014,3.95
2026-03-24T23:15:00Z,gNB-001,Cell-A3,171,273,123,273,1739,1665,152,131,491.27,113.73,0.012,2.23
2026-03-24T23:30:00Z,gNB-001,Cell-A3,164,273,117,273,752,740,50,47,560.8,140.89,0.014,2.78
2026-03-24T23:00:00Z,gNB-002,Cell-B1,244,273,153,273,1534,1463,167,147,699.67,161.42,0.04,7.15
2026-03-24T23:15:00Z,gNB-002,Cell-B1,239,273,197,273,945,909,206,189,745.06,180.95,0.049,5.76
2026-03-24T23:30:00Z,gNB-002,Cell-B1,218,273,175,273,1931,1789,187,173,666.77,185.52,0.036,7.54
2026-03-24T23:00:00Z,gNB-002,Cell-B2,139,273,97,273,1284,1230,229,204,630.88,201.55,0.014,2.97
2026-03-24T23:15:00Z,gNB-002,Cell-B2,123,273,92,273,829,787,165,146,657.73,233.69,0.019,2.72
2026-03-24T23:30:00Z,gNB-002,Cell-B2,128,273,90,273,1637,1571,205,183,703.05,211.15,0.012,3.39
2026-03-24T23:00:00Z,gNB-002,Cell-B3,225,273,146,273,1045,971,135,119,506.4,182.68,0.041,7.09
2026-03-24T23:15:00Z,gNB-002,Cell-B3,243,273,158,273,1775,1745,148,140,556.88,155.37,0.022,4.88
2026-03-24T23:30:00Z,gNB-002,Cell-B3,250,273,191,273,1047,976,96,88,559.11,137.42,0.083,8.15
2026-03-24T23:30:00Z,gNB-001,Cell-A1,109,273,97,273,1144,1076,207,176,773.4,249.87,0.012,3.16
2026-03-24T23:45:00Z,gNB-001,Cell-A1,101,273,70,273,1586,1506,100,90,810.01,264.53,0.01,3.13
2026-03-25T00:00:00Z,gNB-001,Cell-A1,100,273,68,273,1479,1399,49,42,866.29,301.31,0.017,2.82
2026-03-24T23:30:00Z,gNB-001,Cell-A2,240,273,179,273,1292,1233,72,69,649.01,218.26,0.046,4.33
2026-03-24T23:45:00Z,gNB-001,Cell-A2,217,273,175,273,1223,1156,196,176,717.23,268.03,0.036,6.87
2026-03-25T00:00:00Z,gNB-001,Cell-A2,242,273,184,273,1262,1231,103,93,670.94,184.85,0.021,4.21
2026-03-24T23:30:00Z,gNB-001,Cell-A3,200,273,152,273,1076,1029,49,45,778.87,302.64,0.048,7.27
2026-03-24T23:45:00Z,gNB-001,Cell-A3,194,273,172,273,900,845,178,163,702.87,179.16,0.042,5.94
2026-03-25T00:00:00Z,gNB-001,Cell-A3,199,273,176,273,1151,1063,190,175,751.78,210.54,0.045,7.04
2026-03-24T23:30:00Z,gNB-002,Cell-B1,115,273,82,273,1274,1198,232,217,705.81,236.74,0.015,3.04
2026-03-24T23:45:00Z,gNB-002,Cell-B1,113,273,94,273,1436,1363,146,139,779.17,235.2,0.016,3.98
2026-03-25T00:00:00Z,gNB-002,Cell-B1,98,273,64,273,1605,1573,37,34,824.8,288.59,0.014,2.05
2026-03-24T23:30:00Z,gNB-002,Cell-B2,156,273,135,273,869,814,163,150,607.03,159.85,0.014,3.0
2026-03-24T23:45:00Z,gNB-002,Cell-B2,144,273,116,273,1632,1571,155,143,537.66,162.4,0.017,3.66
2026-03-25T00:00:00Z,gNB-002,Cell-B2,130,273,94,273,1115,1061,54,46,619.11,203.62,0.014,3.43
2026-03-24T23:30:00Z,gNB-002,Cell-B3,238,273,145,273,1277,1201,82,73,815.21,254.04,0.04,7.87
2026-03-24T23:45:00Z,gNB-002,Cell-B3,272,273,169,273,1606,1548,60,57,723.73,227.84,0.061,8.76
2026-03-25T00:00:00Z,gNB-002,Cell-B3,263,273,190,273,1103,1076,81,75,727.84,156.9,0.081,10.33
2026-03-25T00:00:00Z,gNB-001,Cell-A1,201,273,127,273,1630,1578,53,49,465.84,155.12,0.04,4.92
2026-03-25T00:15:00Z,gNB-001,Cell-A1,188,273,138,273,1014,954,64,58,469.86,176.95,0.02,3.63
2026-03-25T00:30:00Z,gNB-001,Cell-A1,183,273,163,273,930,882,130,120,534.35,131.01,0.013,3.24
2026-03-25T00:00:00Z,gNB-001,Cell-A2,228,273,189,273,1097,1032,127,117,608.35,207.85,0.034,6.34
2026-03-25T00:15:00Z,gNB-001,Cell-A2,205,273,160,273,1194,1120,233,219,596.73,136.37,0.049,7.68
2026-03-25T00:30:00Z,gNB-001,Cell-A2,239,273,180,273,1565,1533,102,87,654.67,201.19,0.023,4.95
2026-03-25T00:00:00Z,gNB-001,Cell-A3,244,273,147,273,1069,1048,129,123,457.76,125.79,0.026,5.19
2026-03-25T00:15:00Z,gNB-001,Cell-A3,216,273,130,273,898,858,46,41,434.54,106.64,0.025,6.61
2026-03-25T00:30:00Z,gNB-001,Cell-A3,228,273,143,273,1668,1603,79,74,402.47,156.17,0.046,5.44
2026-03-25T00:00:00Z,gNB-002,Cell-B1,246,273,199,273,958,884,175,165,764.67,230.53,0.079,9.11
2026-03-25T00:15:00Z,gNB-002,Cell-B1,221,273,160,273,1037,983,118,102,824.25,291.92,0.045,6.04
2026-03-25T00:30:00Z,gNB-002,Cell-B1,215,273,169,273,877,809,173,167,881.51,184.22,0.035,5.36
2026-03-25T00:00:00Z,gNB-002,Cell-B2,226,273,197,273,1027,1011,217,192,496.94,195.76,0.033,7.92
2026-03-25T00:15:00Z,gNB-002,Cell-B2,220,273,148,273,1418,1326,71,67,546.39,187.66,0.04,7.11
2026-03-25T00:30:00Z,gNB-002,Cell-B2,219,273,139,273,1533,1488,96,91,502.21,128.09,0.039,4.22
2026-03-25T00:00:00Z,gNB-002,Cell-B3,268,273,195,273,1446,1359,145,135,513.82,168.96,0.073,11.6
2026-03-25T00:15:00Z,gNB-002,Cell-B3,239,273,162,273,802,779,115,101,461.98,108.84,0.042,6.39
2026-03-25T00:30:00Z,gNB-002,Cell-B3,242,273,210,273,756,719,198,169,483.4,100.0,0.034,7.46
2026-03-25T00:30:00Z,gNB-001,Cell-A1,217,273,143,273,1337,1266,184,166,728.06,150.91,0.036,7.58
2026-03-25T00:45:00Z,gNB-001,Cell-A1,210,273,152,273,1176,1118,109,98,754.35,243.44,0.047,7.19
2026-03-25T01:00:00Z,gNB-001,Cell-A1,213,273,158,273,1522,1411,87,79,642.39,242.4,0.043,4.49
2026-03-25T00:30:00Z,gNB-001,Cell-A2,134,273,115,273,763,745,221,201,734.08,248.05,0.01,3.49
2026-03-25T00:45:00Z,gNB-001,Cell-A2,126,273,100,273,1172,1112,226,213,659.27,249.2,0.019,3.43
2026-03-25T01:00:00Z,gNB-001,Cell-A2,121,273,82,273,969,891,115,100,750.23,284.04,0.012,3.17
2026-03-25T00:30:00Z,gNB-001,Cell-A3,165,273,118,273,1071,1019,167,154,610.62,212.78,0.018,3.23
2026-03-25T00:45:00Z,gNB-001,Cell-A3,176,273,150,273,1630,1590,182,170,592.94,161.15,0.02,3.12
2026-03-25T01:00:00Z,gNB-001,Cell-A3,178,273,152,273,1240,1203,213,182,686.75,272.42,0.018,2.08
2026-03-25T00:30:00Z,gNB-002,Cell-B1,175,273,132,273,810,758,93,85,651.07,195.86,0.014,3.31
2026-03-25T00:45:00Z,gNB-002,Cell-B1,196,273,173,273,1023,980,206,181,622.04,212.17,0.025,6.29
2026-03-25T01:00:00Z,gNB-002,Cell-B1,178,273,116,273,807,793,219,206,643.53,135.97,0.012,3.48
2026-03-25T00:30:00Z,gNB-002,Cell-B2,149,273,121,273,1652,1576,158,152,690.65,171.17,0.019,3.83
2026-03-25T00:45:00Z,gNB-002,Cell-B2,163,273,145,273,1213,1150,66,57,678.06,226.69,0.015,2.02
2026-03-25T01:00:00Z,gNB-002,Cell-B2,149,273,89,273,952,918,236,205,665.42,202.05,0.018,3.14
2026-03-25T00:30:00Z,gNB-002,Cell-B3,95,273,59,273,1753,1699,228,208,403.0,108.25,0.01,3.57
2026-03-25T00:45:00Z,gNB-002,Cell-B3,91,273,55,273,1610,1571,189,172,404.16,136.64,0.02,2.01
2026-03-25T01:00:00Z,gNB-002,Cell-B3,98,273,69,273,1071,1001,248,229,435.68,143.29,0.01,2.24
2026-03-25T01:00:00Z,gNB-001,Cell-A1,124,273,91,273,1833,1781,241,207,545.53,194.79,0.012,3.93
2026-03-25T01:15:00Z,gNB-001,Cell-A1,140,273,100,273,1811,1693,73,68,488.59,177.64,0.012,3.72
2026-03-25T01:30:00Z,gNB-001,Cell-A1,134,273,98,273,987,927,137,127,509.29,135.14,0.013,3.03
2026-03-25T01:00:00Z,gNB-001,Cell-A2,227,273,148,273,1010,996,147,128,516.28,175.3,0.047,6.69
2026-03-25T01:15:00Z,gNB-001,Cell-A2,244,273,181,273,1073,1050,166,146,502.9,168.29,0.033,6.05
2026-03-25T01:30:00Z,gNB-001,Cell-A2,247,273,162,273,1528,1449,235,215,502.74,123.62,0.059,10.72
2026-03-25T01:00:00Z,gNB-001,Cell-A3,246,273,160,273,1167,1106,135,128,802.52,270.08,0.057,8.15
2026-03-25T01:15:00Z,gNB-001,Cell-A3,218,273,183,273,1340,1271,204,187,707.31,205.6,0.046,7.72
2026-03-25T01:30:00Z,gNB-001,Cell-A3,227,273,172,273,1333,1249,201,181,834.42,311.58,0.029,5.91
2026-03-25T01:00:00Z,gNB-002,Cell-B1,191,273,144,273,1219,1182,68,64,616.55,153.7,0.016,2.58
2026-03-25T01:15:00Z,gNB-002,Cell-B1,200,273,150,273,1578,1485,68,59,589.71,231.19,0.025,7.78
2026-03-25T01:30:00Z,gNB-002,Cell-B1,203,273,165,273,1492,1414,242,234,588.3,133.02,0.044,4.03
2026-03-25T01:00:00Z,gNB-002,Cell-B2,218,273,141,273,931,890,75,65,852.97,262.01,0.042,6.77
2026-03-25T01:15:00Z,gNB-002,Cell-B2,216,273,132,273,1835,1750,95,86,725.31,202.13,0.023,7.5
2026-03-25T01:30:00Z,gNB-002,Cell-B2,209,273,151,273,1609,1495,50,48,771.67,170.93,0.047,6.68
2026-03-25T01:00:00Z,gNB-002,Cell-B3,232,273,196,273,1324,1249,159,152,666.55,187.56,0.02,7.47
2026-03-25T01:15:00Z,gNB-002,Cell-B3,211,273,143,273,1440,1326,177,161,673.24,155.89,0.025,5.18
2026-03-25T01:30:00Z,gNB-002,Cell-B3,247,273,215,273,918,854,49,42,685.28,213.48,0.099,9.27
2026-03-25T01:30:00Z,gNB-001,Cell-A1,142,273,112,273,1373,1296,235,204,384.31,103.9,0.015,3.77
2026-03-25T01:45:00Z,gNB-001,Cell-A1,143,273,103,273,803,738,152,134,425.46,102.15,0.018,3.93
2026-03-25T02:00:00Z,gNB-001,Cell-A1,158,273,103,273,1264,1196,220,188,407.55,97.61,0.019,3.78
2026-03-25T01:30:00Z,gNB-001,Cell-A2,203,273,165,273,916,897,197,180,682.06,221.72,0.032,7.31
2026-03-25T01:45:00Z,gNB-001,Cell-A2,224,273,163,273,789,761,92,86,799.1,278.17,0.029,6.85
2026-03-25T02:00:00Z,gNB-001,Cell-A2,203,273,163,273,1025,962,85,77,785.07,181.58,0.029,5.7
2026-03-25T01:30:00Z,gNB-001,Cell-A3,122,273,88,273,895,847,128,118,462.4,136.59,0.018,3.03
2026-03-25T01:45:00Z,gNB-001,Cell-A3,138,273,113,273,969,927,133,120,475.34,144.88,0.014,2.39
2026-03-25T02:00:00Z,gNB-001,Cell-A3,115,273,98,273,1545,1456,71,65,453.63,112.86,0.019,2.78
2026-03-25T01:30:00Z,gNB-002,Cell-B1,200,273,123,273,1597,1499,106,93,814.4,280.36,0.044,7.91
2026-03-25T01:45:00Z,gNB-002,Cell-B1,221,273,159,273,1138,1103,144,135,765.8,242.12,0.043,6.88
2026-03-25T02:00:00Z,gNB-002,Cell-B1,205,273,178,273,1436,1334,214,197,791.44,220.9,0.027,7.4
2026-03-25T01:30:00Z,gNB-002,Cell-B2,228,273,146,273,1712,1674,166,157,799.79,214.76,0.045,7.31
2026-03-25T01:45:00Z,gNB-002,Cell-B2,242,273,167,273,1535,1492,234,215,955.79,302.48,0.04,6.92
2026-03-25T02:00:00Z,gNB-002,Cell-B2,263,273,197,273,1182,1112,149,129,870.79,324.44,0.053,9.33
2026-03-25T01:30:00Z,gNB-002,Cell-B3,217,273,143,273,1134,1052,203,174,404.4,82.32,0.025,4.74
2026-03-25T01:45:00Z,gNB-002,Cell-B3,236,273,201,273,831,779,171,164,426.08,127.12,0.029,4.91
2026-03-25T02:00:00Z,gNB-002,Cell-B3,225,273,182,273,1207,1121,203,192,414.1,85.04,0.021,7.34
2026-03-25T02:00:00Z,gNB-001,Cell-A1,109,273,68,273,1777,1748,60,56,793.09,203.29,0.012,3.08
2026-03-25T02:15:00Z,gNB-001,Cell-A1,109,273,87,273,1217,1155,170,148,707.12,169.89,0.019,3.6
2026-03-25T02:30:00Z,gNB-001,Cell-A1,115,273,87,273,1104,1040,64,60,723.99,207.13,0.014,3.43
2026-03-25T02:00:00Z,gNB-001,Cell-A2,109,273,85,273,1409,1387,96,86,453.97,162.0,0.019,2.13
2026-03-25T02:15:00Z,gNB-001,Cell-A2,96,273,76,273,1596,1499,158,137,484.45,161.96,0.013,2.02
2026-03-25T02:30:00Z,gNB-001,Cell-A2,115,273,102,273,1353,1244,107,98,457.76,123.61,0.016,2.43
2026-03-25T02:00:00Z,gNB-001,Cell-A3,235,273,143,273,1382,1335,77,72,835.41,174.54,0.03,6.29
2026-03-25T02:15:00Z,gNB-001,Cell-A3,196,273,166,273,1489,1390,96,82,747.72,288.79,0.032,5.61
2026-03-25T02:30:00Z,gNB-001,Cell-A3,195,273,143,273,1042,1030,193,177,742.33,162.42,0.027,6.1
2026-03-25T02:00:00Z,gNB-002,Cell-B1,244,273,206,273,1039,966,190,171,470.09,148.39,0.049,4.44
2026-03-25T02:15:00Z,gNB-002,Cell-B1,232,273,156,273,1068,990,136,122,512.47,181.43,0.022,7.3
2026-03-25T02:30:00Z,gNB-002,Cell-B1,250,273,174,273,1286,1192,66,62,457.57,113.87,0.053,10.42
2026-03-25T02:00:00Z,gNB-002,Cell-B2,236,273,161,273,872,810,34,31,545.13,167.09,0.041,4.38
2026-03-25T02:15:00Z,gNB-002,Cell-B2,228,273,169,273,1225,1204,49,43,512.63,162.95,0.037,6.37
2026-03-25T02:30:00Z,gNB-002,Cell-B2,249,273,170,273,1284,1230,159,147,480.62,143.27,0.099,9.98
2026-03-25T02:00:00Z,gNB-002,Cell-B3,146,273,103,273,1273,1221,110,100,817.69,232.79,0.018,3.62
2026-03-25T02:15:00Z,gNB-002,Cell-B3,146,273,124,273,1421,1377,117,103,789.57,300.82,0.011,3.49
2026-03-25T02:30:00Z,gNB-002,Cell-B3,154,273,130,273,1459,1434,197,179,876.61,296.29,0.011,2.03
2026-03-25T02:30:00Z,gNB-001,Cell-A1,106,273,67,273,1378,1321,45,38,722.28,193.59,0.018,3.75
2026-03-25T02:45:00Z,gNB-001,Cell-A1,127,273,87,273,1848,1765,59,54,767.09,298.22,0.012,2.74
2026-03-25T03:00:00Z,gNB-001,Cell-A1,123,273,108,273,807,759,150,131,772.19,186.47,0.015,2.22
2026-03-25T02:30:00Z,gNB-001,Cell-A2,209,273,187,273,852,817,108,98,472.19,155.19,0.042,4.18
2026-03-25T02:45:00Z,gNB-001,Cell-A2,211,273,146,273,1412,1317,107,96,394.47,104.76,0.034,4.78
2026-03-25T03:00:00Z,gNB-001,Cell-A2,214,273,178,273,1597,1534,71,63,414.95,114.27,0.041,6.27
2026-03-25T02:30:00Z,gNB-001,Cell-A3,158,273,122,273,1555,1434,65,57,614.5,169.65,0.017,2.79
2026-03-25T02:45:00Z,gNB-001,Cell-A3,166,273,109,273,1575,1464,211,185,688.5,140.95,0.019,2.05
2026-03-25T03:00:00Z,gNB-001,Cell-A3,177,273,138,273,1083,1034,209,193,635.99,159.39,0.011,2.05
2026-03-25T02:30:00Z,gNB-002,Cell-B1,169,273,149,273,902,837,115,111,636.95,128.62,0.015,2.79
2026-03-25T02:45:00Z,gNB-002,Cell-B1,147,273,112,273,1149,1111,237,222,712.06,240.58,0.015,2.75
2026-03-25T03:00:00Z,gNB-002,Cell-B1,177,273,129,273,1100,1015,149,140,685.29,137.67,0.01,3.67
2026-03-25T02:30:00Z,gNB-002,Cell-B2,234,273,201,273,1364,1339,38,32,419.79,134.92,0.04,4.49
2026-03-25T02:45:00Z,gNB-002,Cell-B2,251,273,221,273,1027,963,113,100,450.04,171.72,0.053,9.79
2026-03-25T03:00:00Z,gNB-002,Cell-B2,232,273,175,273,819,777,78,71,452.7,173.21,0.026,5.5
2026-03-25T02:30:00Z,gNB-002,Cell-B3,152,273,130,273,1525,1456,150,137,718.32,286.01,0.015,2.24
2026-03-25T02:45:00Z,gNB-002,Cell-B3,162,273,141,273,1594,1520,97,89,667.96,173.65,0.017,2.2
2026-03-25T03:00:00Z,gNB-002,Cell-B3,169,273,142,273,1090,1016,36,33,784.63,263.52,0.013,3.22
2026-03-25T03:00:00Z,gNB-001,Cell-A1,103,273,85,273,1011,994,176,165,559.62,143.87,0.011,3.25
2026-03-25T03:15:00Z,gNB-001,Cell-A1,105,273,76,273,1545,1452,81,71,588.57,175.42,0.015,3.32
2026-03-25T03:30:00Z,gNB-001,Cell-A1,101,273,81,273,1650,1587,241,233,537.83,132.76,0.012,3.71
2026-03-25T03:00:00Z,gNB-001,Cell-A2,140,273,87,273,1274,1228,191,167,604.29,201.74,0.015,3.02
2026-03-25T03:15:00Z,gNB-001,Cell-A2,150,273,133,273,1697,1613,204,182,566.33,122.41,0.019,3.01
2026-03-25T03:30:00Z,gNB-001,Cell-A2,150,273,121,273,1024,969,171,164,540.24,138.3,0.016,2.22
2026-03-25T03:00:00Z,gNB-001,Cell-A3,210,273,142,273,1655,1548,137,120,753.91,177.21,0.049,5.94
2026-03-25T03:15:00Z,gNB-001,Cell-A3,223,273,147,273,1342,1271,77,66,707.04,251.24,0.032,4.28
2026-03-25T03:30:00Z,gNB-001,Cell-A3,218,273,151,273,971,960,97,90,742.41,159.04,0.021,6.2
2026-03-25T03:00:00Z,gNB-002,Cell-B1,149,273,123,273,1275,1239,134,119,722.98,281.2,0.011,2.37
2026-03-25T03:15:00Z,gNB-002,Cell-B1,129,273,115,273,1734,1716,60,55,659.55,259.93,0.014,2.5
2026-03-25T03:30:00Z,gNB-002,Cell-B1,136,273,101,273,1535,1462,220,192,691.91,172.45,0.013,3.19
2026-03-25T03:00:00Z,gNB-002,Cell-B2,154,273,105,273,819,761,217,191,822.11,286.57,0.016,2.72
2026-03-25T03:15:00Z,gNB-002,Cell-B2,129,273,79,273,1354,1338,117,111,838.13,226.94,0.014,3.22
2026-03-25T03:30:00Z,gNB-002,Cell-B2,151,273,126,273,1023,944,219,190,860.64,277.54,0.011,3.57
2026-03-25T03:00:00Z,gNB-002,Cell-B3,205,273,143,273,1790,1694,240,230,581.26,183.53,0.047,4.84
2026-03-25T03:15:00Z,gNB-002,Cell-B3,217,273,156,273,1643,1607,74,70,650.15,230.39,0.028,6.02
2026-03-25T03:30:00Z,gNB-002,Cell-B3,184,273,143,273,1427,1363,172,151,590.52,173.73,0.016,3.18
2026-03-25T03:30:00Z,gNB-001,Cell-A1,179,273,123,273,826,775,48,45,625.66,176.41,0.017,3.88
2026-03-25T03:45:00Z,gNB-001,Cell-A1,172,273,135,273,1554,1512,219,210,596.91,218.79,0.014,3.58
2026-03-25T04:00:00Z,gNB-001,Cell-A1,192,273,137,273,1310,1252,167,159,542.51,196.54,0.027,4.25
2026-03-25T03:30:00Z,gNB-001,Cell-A2,192,273,135,273,1458,1433,155,141,652.47,232.48,0.045,4.62
2026-03-25T03:45:00Z,gNB-001,Cell-A2,214,273,142,273,1452,1378,226,208,744.35,161.12,0.039,4.4
2026-03-25T04:00:00Z,gNB-001,Cell-A2,184,273,114,273,1753,1643,213,203,698.54,221.1,0.02,3.12
2026-03-25T03:30:00Z,gNB-001,Cell-A3,121,273,108,273,1460,1363,93,87,830.44,170.02,0.019,2.14
2026-03-25T03:45:00Z,gNB-001,Cell-A3,124,273,82,273,946,919,219,197,801.85,299.9,0.014,3.44
2026-03-25T04:00:00Z,gNB-001,Cell-A3,106,273,93,273,1528,1464,116,103,763.5,283.28,0.017,2.84
2026-03-25T03:30:00Z,gNB-002,Cell-B1,199,273,125,273,1259,1192,141,122,519.95,184.33,0.028,7.41
2026-03-25T03:45:00Z,gNB-002,Cell-B1,184,273,138,273,1130,1088,232,212,571.75,222.12,0.018,3.46
2026-03-25T04:00:00Z,gNB-002,Cell-B1,182,273,109,273,1581,1481,164,143,509.09,187.97,0.016,2.29
2026-03-25T03:30:00Z,gNB-002,Cell-B2,225,273,150,273,965,893,45,43,500.77,144.35,0.031,5.75
2026-03-25T03:45:00Z,gNB-002,Cell-B2,217,273,152,273,933,895,244,213,487.87,154.82,0.04,4.47
2026-03-25T04:00:00Z,gNB-002,Cell-B2,223,273,184,273,1390,1373,233,199,505.94,177.51,0.031,5.54
2026-03-25T03:30:00Z,gNB-002,Cell-B3,188,273,139,273,814,763,132,112,808.62,237.86,0.018,3.84
2026-03-25T03:45:00Z,gNB-002,Cell-B3,174,273,108,273,827,805,157,135,823.27,196.06,0.011,2.19
2026-03-25T04:00:00Z,gNB-002,Cell-B3,189,273,143,273,1150,1113,81,76,827.94,219.52,0.019,3.77
2026-03-25T04:00:00Z,gNB-001,Cell-A1,143,273,120,273,818,769,237,223,902.09,241.26,0.017,3.92
2026-03-25T04:15:00Z,gNB-001,Cell-A1,151,273,106,273,1159,1102,112,105,923.62,205.24,0.013,2.77
2026-03-25T04:30:00Z,gNB-001,Cell-A1,143,273,117,273,1477,1398,47,41,938.48,253.97,0.018,2.53
2026-03-25T04:00:00Z,gNB-001,Cell-A2,164,273,124,273,1042,1008,224,195,600.17,235.58,0.014,3.97
2026-03-25T04:15:00Z,gNB-001,Cell-A2,156,273,134,273,1869,1831,159,153,516.19,177.45,0.017,3.83
2026-03-25T04:30:00Z,gNB-001,Cell-A2,149,273,95,273,1745,1635,142,128,544.66,163.53,0.015,3.84
2026-03-25T04:00:00Z,gNB-001,Cell-A3,181,273,150,273,1560,1458,74,67,903.16,236.69,0.019,2.09
2026-03-25T04:15:00Z,gNB-001,Cell-A3,157,273,95,273,1126,1068,108,92,817.75,257.17,0.016,3.1
2026-03-25T04:30:00Z,gNB-001,Cell-A3,187,273,159,273,1793,1723,200,188,861.06,315.43,0.011,2.31
2026-03-25T04:00:00Z,gNB-002,Cell-B1,252,273,220,273,1144,1102,98,85,756.28,194.14,0.097,9.14
2026-03-25T04:15:00Z,gNB-002,Cell-B1,251,273,161,273,1866,1838,178,171,734.62,157.12,0.089,11.5
2026-03-25T04:30:00Z,gNB-002,Cell-B1,242,273,150,273,1579,1511,93,85,736.68,226.87,0.041,6.12
2026-03-25T04:00:00Z,gNB-002,Cell-B2,134,273,102,273,1049,1013,81,75,423.44,121.53,0.02,3.66
2026-03-25T04:15:00Z,gNB-002,Cell-B2,128,273,87,273,1445,1425,201,191,458.68,139.0,0.012,3.02
2026-03-25T04:30:00Z,gNB-002,Cell-B2,121,273,84,273,949,918,192,178,447.01,154.83,0.02,2.54
2026-03-25T04:00:00Z,gNB-002,Cell-B3,231,273,195,273,1551,1478,176,168,427.44,120.59,0.024,6.82
2026-03-25T04:15:00Z,gNB-002,Cell-B3,213,273,184,273,1818,1717,111,101,366.91,73.6,0.028,5.29
2026-03-25T04:30:00Z,gNB-002,Cell-B3,250,273,159,273,1680,1552,94,85,427.24,144.85,0.056,10.81
2026-03-25T04:30:00Z,gNB-001,Cell-A1,218,273,157,273,1325,1230,50,47,613.73,174.63,0.034,4.93
2026-03-25T04:45:00Z,gNB-001,Cell-A1,228,273,148,273,1367,1260,214,206,595.69,174.75,0.047,4.56
2026-03-25T05:00:00Z,gNB-001,Cell-A1,250,273,223,273,1316,1214,74,68,618.56,123.88,0.053,11.88
2026-03-25T04:30:00Z,gNB-001,Cell-A2,206,273,164,273,1077,1022,203,179,503.24,116.0,0.048,5.64
2026-03-25T04:45:00Z,gNB-001,Cell-A2,242,273,205,273,1262,1194,69,64,469.48,166.18,0.049,6.69
2026-03-25T05:00:00Z,gNB-001,Cell-A2,241,273,206,273,1160,1101,43,37,483.81,121.95,0.021,5.35
2026-03-25T04:30:00Z,gNB-001,Cell-A3,198,273,136,273,1105,1039,81,77,771.62,300.1,0.043,7.23
2026-03-25T04:45:00Z,gNB-001,Cell-A3,170,273,115,273,1127,1075,97,83,761.7,286.28,0.013,2.71
2026-03-25T05:00:00Z,gNB-001,Cell-A3,174,273,143,273,1461,1358,248,236,749.21,195.04,0.018,2.46
2026-03-25T04:30:00Z,gNB-002,Cell-B1,118,273,74,273,1683,1569,201,185,584.95,197.23,0.02,2.3
2026-03-25T04:45:00Z,gNB-002,Cell-B1,115,273,69,273,1381,1319,201,175,677.04,255.24,0.016,3.77
2026-03-25T05:00:00Z,gNB-002,Cell-B1,121,273,85,273,1542,1478,174,157,664.63,211.5,0.012,3.95
2026-03-25T04:30:00Z,gNB-002,Cell-B2,191,273,158,273,868,803,212,204,673.5,255.51,0.019,3.34
2026-03-25T04:45:00Z,gNB-002,Cell-B2,182,273,157,273,1173,1083,150,137,663.25,180.78,0.012,3.91
2026-03-25T05:00:00Z,gNB-002,Cell-B2,179,273,121,273,1387,1354,175,167,732.19,248.51,0.019,3.8
2026-03-25T04:30:00Z,gNB-002,Cell-B3,266,273,218,273,1588,1526,243,218,786.89,264.97,0.077,11.61
2026-03-25T04:45:00Z,gNB-002,Cell-B3,249,273,189,273,1211,1149,57,51,829.47,282.8,0.064,9.51
2026-03-25T05:00:00Z,gNB-002,Cell-B3,223,273,157,273,1606,1517,114,109,823.71,277.52,0.029,4.22
2026-03-25T05:00:00Z,gNB-001,Cell-A1,138,273,112,273,804,761,32,27,560.42,179.51,0.02,3.04
2026-03-25T05:15:00Z,gNB-001,Cell-A1,129,273,113,273,1683,1594,215,194,609.65,161.61,0.017,3.34
2026-03-25T05:30:00Z,gNB-001,Cell-A1,123,273,106,273,885,827,104,92,605.52,169.16,0.019,2.2
2026-03-25T05:00:00Z,gNB-001,Cell-A2,139,273,106,273,1505,1431,156,141,734.49,241.86,0.013,2.5
2026-03-25T05:15:00Z,gNB-001,Cell-A2,148,273,130,273,906,878,229,209,757.06,228.79,0.011,3.95
2026-03-25T05:30:00Z,gNB-001,Cell-A2,160,273,117,273,1230,1201,173,157,808.11,196.26,0.018,2.9
2026-03-25T05:00:00Z,gNB-001,Cell-A3,179,273,154,273,1352,1278,236,217,777.29,251.2,0.011,2.34
2026-03-25T05:15:00Z,gNB-001,Cell-A3,168,273,131,273,1232,1157,94,90,788.0,262.52,0.017,3.93
2026-03-25T05:30:00Z,gNB-001,Cell-A3,181,273,153,273,975,944,85,78,809.74,308.39,0.018,3.77
2026-03-25T05:00:00Z,gNB-002,Cell-B1,96,273,79,273,1589,1518,76,67,718.43,236.04,0.017,2.16
2026-03-25T05:15:00Z,gNB-002,Cell-B1,99,273,79,273,1163,1086,166,156,739.56,175.55,0.013,2.95
2026-03-25T05:30:00Z,gNB-002,Cell-B1,105,273,90,273,1372,1299,197,181,796.65,179.12,0.011,3.4
2026-03-25T05:00:00Z,gNB-002,Cell-B2,120,273,83,273,1224,1145,209,201,431.52,102.68,0.013,3.7
2026-03-25T05:15:00Z,gNB-002,Cell-B2,115,273,101,273,961,924,192,170,389.23,78.58,0.012,3.33
2026-03-25T05:30:00Z,gNB-002,Cell-B2,127,273,81,273,918,865,119,103,458.2,175.38,0.019,3.29
2026-03-25T05:00:00Z,gNB-002,Cell-B3,234,273,173,273,1719,1606,92,83,417.95,119.77,0.035,4.64
2026-03-25T05:15:00Z,gNB-002,Cell-B3,230,273,191,273,939,873,183,157,432.2,149.38,0.041,4.24
2026-03-25T05:30:00Z,gNB-002,Cell-B3,229,273,139,273,1269,1219,117,107,390.15,104.58,0.05,7.56
2026-03-25T05:30:00Z,gNB-001,Cell-A1,221,273,133,273,1455,1346,194,165,552.08,139.93,0.028,5.89
2026-03-25T05:45:00Z,gNB-001,Cell-A1,188,273,115,273,855,808,42,36,533.97,189.62,0.017,3.71
2026-03-25T06:00:00Z,gNB-001,Cell-A1,198,273,152,273,1620,1548,167,145,514.62,193.07,0.034,4.44
2026-03-25T05:30:00Z,gNB-001,Cell-A2,165,273,146,273,1052,1023,240,229,769.3,221.96,0.012,3.0
2026-03-25T05:45:00Z,gNB-001,Cell-A2,169,273,126,273,1042,965,136,124,840.46,217.12,0.018,3.14
2026-03-25T06:00:00Z,gNB-001,Cell-A2,167,273,134,273,1517,1424,215,183,859.4,246.49,0.01,3.87
2026-03-25T05:30:00Z,gNB-001,Cell-A3,193,273,153,273,1725,1684,242,211,402.36,138.77,0.04,4.6
2026-03-25T05:45:00Z,gNB-001,Cell-A3,195,273,124,273,1317,1270,154,132,374.41,90.59,0.038,4.63
2026-03-25T06:00:00Z,gNB-001,Cell-A3,190,273,143,273,1232,1156,51,47,444.44,100.21,0.018,2.81
2026-03-25T05:30:00Z,gNB-002,Cell-B1,199,273,127,273,901,871,81,77,572.25,217.2,0.04,5.56
2026-03-25T05:45:00Z,gNB-002,Cell-B1,197,273,161,273,1120,1082,182,172,598.08,122.32,0.049,4.25
2026-03-25T06:00:00Z,gNB-002,Cell-B1,229,273,194,273,1486,1464,91,84,664.49,231.62,0.029,5.7
2026-03-25T05:30:00Z,gNB-002,Cell-B2,165,273,143,273,1581,1511,114,107,466.19,143.91,0.013,2.18
2026-03-25T05:45:00Z,gNB-002,Cell-B2,164,273,146,273,1687,1613,226,210,518.24,198.55,0.013,2.12
2026-03-25T06:00:00Z,gNB-002,Cell-B2,195,273,173,273,1722,1602,209,181,476.18,166.79,0.047,7.61
2026-03-25T05:30:00Z,gNB-002,Cell-B3,184,273,117,273,1392,1352,209,184,479.07,121.75,0.012,3.93
2026-03-25T05:45:00Z,gNB-002,Cell-B3,164,273,107,273,1721,1603,157,134,414.57,99.62,0.019,2.42
2026-03-25T06:00:00Z,gNB-002,Cell-B3,163,273,110,273,1849,1829,35,33,478.16,101.2,0.015,3.94
2026-03-25T06:00:00Z,gNB-001,Cell-A1,97,273,83,273,1237,1175,76,71,781.33,160.54,0.018,2.52
2026-03-25T06:15:00Z,gNB-001,Cell-A1,100,273,77,273,1572,1462,202,178,803.92,208.39,0.02,2.61
2026-03-25T06:30:00Z,gNB-001,Cell-A1,95,273,80,273,1851,1748,167,141,758.65,190.95,0.018,3.67
2026-03-25T06:00:00Z,gNB-001,Cell-A2,159,273,139,273,1498,1400,242,215,660.76,207.29,0.013,2.18
2026-03-25T06:15:00Z,gNB-001,Cell-A2,152,273,97,273,1631,1547,138,121,586.48,189.06,0.018,2.04
2026-03-25T06:30:00Z,gNB-001,Cell-A2,173,273,131,273,1738,1702,143,130,652.55,156.08,0.016,2.05
2026-03-25T06:00:00Z,gNB-001,Cell-A3,213,273,163,273,813,775,157,140,655.65,235.97,0.031,7.19
2026-03-25T06:15:00Z,gNB-001,Cell-A3,225,273,148,273,1677,1544,97,86,683.8,228.21,0.021,7.67
2026-03-25T06:30:00Z,gNB-001,Cell-A3,199,273,169,273,1123,1106,105,101,746.73,155.86,0.034,5.53
2026-03-25T06:00:00Z,gNB-002,Cell-B1,149,273,105,273,1002,950,188,163,782.48,181.05,0.013,2.74
2026-03-25T06:15:00Z,gNB-002,Cell-B1,169,273,144,273,1189,1153,183,170,697.31,177.95,0.017,2.07
2026-03-25T06:30:00Z,gNB-002,Cell-B1,170,273,115,273,1535,1484,48,40,671.95,228.32,0.018,2.6
2026-03-25T06:00:00Z,gNB-002,Cell-B2,222,273,191,273,1390,1347,53,46,536.9,149.65,0.024,5.2
2026-03-25T06:15:00Z,gNB-002,Cell-B2,250,273,160,273,1688,1561,216,192,504.75,190.22,0.085,10.7
2026-03-25T06:30:00Z,gNB-002,Cell-B2,254,273,162,273,1352,1329,168,143,514.99,118.0,0.099,11.34
2026-03-25T06:00:00Z,gNB-002,Cell-B3,109,273,70,273,952,890,149,127,857.44,281.02,0.014,3.7
2026-03-25T06:15:00Z,gNB-002,Cell-B3,105,273,76,273,1838,1801,140,121,892.75,289.28,0.014,2.1
2026-03-25T06:30:00Z,gNB-002,Cell-B3,100,273,89,273,1066,1039,121,108,878.85,271.47,0.015,2.17
2026-03-25T06:30:00Z,gNB-001,Cell-A1,262,273,215,273,1181,1155,233,210,610.25,153.05,0.074,8.04
2026-03-25T06:45:00Z,gNB-001,Cell-A1,227,273,174,273,1168,1155,153,145,651.16,251.02,0.04,7.4
2026-03-25T07:00:00Z,gNB-001,Cell-A1,227,273,201,273,1558,1490,101,97,618.9,136.41,0.04,7.54
2026-03-25T06:30:00Z,gNB-001,Cell-A2,128,273,111,273,1171,1081,102,97,539.84,132.7,0.014,3.25
2026-03-25T06:45:00Z,gNB-001,Cell-A2,128,273,84,273,1445,1411,73,67,614.14,228.86,0.016,2.09
2026-03-25T07:00:00Z,gNB-001,Cell-A2,134,273,101,273,1083,1066,55,51,589.01,190.74,0.016,2.43
2026-03-25T06:30:00Z,gNB-001,Cell-A3,207,273,171,273,862,844,212,187,554.99,113.58,0.023,6.24
2026-03-25T06:45:00Z,gNB-001,Cell-A3,219,273,139,273,1546,1423,51,46,498.42,163.92,0.045,7.48
2026-03-25T07:00:00Z,gNB-001,Cell-A3,186,273,122,273,1432,1341,94,82,599.23,174.08,0.012,3.43
2026-03-25T06:30:00Z,gNB-002,Cell-B1,206,273,160,273,861,807,230,202,555.73,117.08,0.038,4.57
2026-03-25T06:45:00Z,gNB-002,Cell-B1,192,273,120,273,898,862,209,185,542.37,147.92,0.038,5.2
2026-03-25T07:00:00Z,gNB-002,Cell-B1,189,273,148,273,1099,1020,207,199,537.92,208.22,0.013,2.02
2026-03-25T06:30:00Z,gNB-002,Cell-B2,250,273,194,273,1125,1103,147,131,719.44,222.24,0.091,9.31
2026-03-25T06:45:00Z,gNB-002,Cell-B2,243,273,151,273,828,785,207,178,666.51,144.83,0.049,6.07
2026-03-25T07:00:00Z,gNB-002,Cell-B2,260,273,175,273,970,953,102,98,782.5,161.09,0.099,8.31
2026-03-25T06:30:00Z,gNB-002,Cell-B3,174,273,142,273,1048,979,224,195,810.04,214.01,0.019,3.05
2026-03-25T06:45:00Z,gNB-002,Cell-B3,157,273,137,273,1471,1420,245,234,832.33,242.74,0.012,2.88
2026-03-25T07:00:00Z,gNB-002,Cell-B3,174,273,152,273,1740,1642,128,111,763.5,193.88,0.018,3.64
2026-03-25T07:00:00Z,gNB-001,Cell-A1,117,273,80,273,909,867,224,198,740.46,270.41,0.011,3.05
2026-03-25T07:15:00Z,gNB-001,Cell-A1,128,273,82,273,1816,1728,33,31,761.63,300.73,0.013,2.11
2026-03-25T07:30:00Z,gNB-001,Cell-A1,125,273,91,273,1740,1658,80,73,736.68,220.95,0.02,2.5
2026-03-25T07:00:00Z,gNB-001,Cell-A2,194,273,127,273,1585,1531,106,92,717.86,248.42,0.033,5.08
2026-03-25T07:15:00Z,gNB-001,Cell-A2,200,273,129,273,1584,1457,82,69,691.59,168.04,0.033,7.15
2026-03-25T07:30:00Z,gNB-001,Cell-A2,190,273,115,273,922,907,58,52,653.34,156.54,0.015,3.81
2026-03-25T07:00:00Z,gNB-001,Cell-A3,127,273,105,273,1203,1171,95,89,489.61,130.79,0.016,3.45
2026-03-25T07:15:00Z,gNB-001,Cell-A3,123,273,97,273,890,868,150,133,558.56,215.41,0.016,3.76
2026-03-25T07:30:00Z,gNB-001,Cell-A3,120,273,106,273,828,803,234,198,566.0,144.68,0.016,2.18
2026-03-25T07:00:00Z,gNB-002,Cell-B1,216,273,172,273,1348,1323,40,35,521.56,168.37,0.026,5.18
2026-03-25T07:15:00Z,gNB-002,Cell-B1,225,273,181,273,1406,1354,220,206,498.92,119.0,0.03,6.78
2026-03-25T07:30:00Z,gNB-002,Cell-B1,226,273,146,273,1918,1890,223,190,472.1,172.11,0.049,7.6
2026-03-25T07:00:00Z,gNB-002,Cell-B2,252,273,173,273,757,699,36,34,713.67,270.34,0.059,9.33
2026-03-25T07:15:00Z,gNB-002,Cell-B2,229,273,195,273,1500,1479,85,77,787.85,219.17,0.043,7.06
2026-03-25T07:30:00Z,gNB-002,Cell-B2,243,273,149,273,1319,1279,53,48,801.16,240.26,0.027,6.82
2026-03-25T07:00:00Z,gNB-002,Cell-B3,157,273,116,273,1050,1023,145,130,446.95,160.46,0.013,3.06
2026-03-25T07:15:00Z,gNB-002,Cell-B3,173,273,151,273,1521,1445,113,108,532.55,145.29,0.017,3.77
2026-03-25T07:30:00Z,gNB-002,Cell-B3,170,273,136,273,982,968,47,44,476.35,151.13,0.018,3.55
2026-03-25T07:30:00Z,gNB-001,Cell-A1,184,273,132,273,897,868,184,159,804.1,219.1,0.013,3.25
2026-03-25T07:45:00Z,gNB-001,Cell-A1,173,273,142,273,1086,1012,70,63,812.8,206.98,0.016,3.05
2026-03-25T08:00:00Z,gNB-001,Cell-A1,159,273,113,273,1527,1444,205,192,817.01,238.97,0.01,3.69
2026-03-25T07:30:00Z,gNB-001,Cell-A2,175,273,142,273,891,821,32,29,744.4,276.12,0.013,2.5
2026-03-25T07:45:00Z,gNB-001,Cell-A2,191,273,162,273,870,829,44,38,737.84,199.09,0.015,3.69
2026-03-25T08:00:00Z,gNB-001,Cell-A2,181,273,135,273,1627,1603,232,219,711.74,273.87,0.015,3.74
2026-03-25T07:30:00Z,gNB-001,Cell-A3,161,273,137,273,1177,1091,198,191,433.27,119.59,0.017,2.7
2026-03-25T07:45:00Z,gNB-001,Cell-A3,146,273,111,273,985,963,178,170,369.83,140.86,0.02,3.86
2026-03-25T08:00:00Z,gNB-001,Cell-A3,151,273,128,273,1168,1121,48,42,444.43,122.47,0.014,3.66
2026-03-25T07:30:00Z,gNB-002,Cell-B1,103,273,79,273,1327,1301,144,137,821.33,194.12,0.015,3.13
2026-03-25T07:45:00Z,gNB-002,Cell-B1,104,273,83,273,1808,1693,167,160,697.23,215.67,0.018,2.45
2026-03-25T08:00:00Z,gNB-002,Cell-B1,92,273,82,273,1456,1353,235,208,760.94,205.1,0.016,2.05
2026-03-25T07:30:00Z,gNB-002,Cell-B2,160,273,131,273,889,819,245,237,721.99,281.04,0.018,2.67
2026-03-25T07:45:00Z,gNB-002,Cell-B2,171,273,117,273,1136,1109,201,192,649.09,220.47,0.019,2.14
2026-03-25T08:00:00Z,gNB-002,Cell-B2,171,273,146,273,785,754,174,148,664.89,140.08,0.016,2.14
2026-03-25T07:30:00Z,gNB-002,Cell-B3,186,273,137,273,1518,1496,229,199,837.7,191.96,0.019,2.81
2026-03-25T07:45:00Z,gNB-002,Cell-B3,175,273,148,273,965,938,154,148,869.56,199.89,0.019,2.61
2026-03-25T08:00:00Z,gNB-002,Cell-B3,166,273,100,273,1271,1223,135,130,855.99,236.77,0.015,3.3
2026-03-25T08:00:00Z,gNB-001,Cell-A1,154,273,98,273,848,827,208,199,591.28,157.21,0.016,2.38
2026-03-25T08:15:00Z,gNB-001,Cell-A1,154,273,106,273,1778,1730,231,202,574.9,187.22,0.015,2.12
2026-03-25T08:30:00Z,gNB-001,Cell-A1,159,273,100,273,1180,1092,79,73,553.92,204.05,0.019,2.76
2026-03-25T08:00:00Z,gNB-001,Cell-A2,177,273,157,273,1732,1677,176,165,868.64,319.53,0.019,3.15
2026-03-25T08:15:00Z,gNB-001,Cell-A2,156,273,131,273,998,919,124,108,862.9,245.05,0.011,3.89
2026-03-25T08:30:00Z,gNB-001,Cell-A2,166,273,125,273,1314,1286,237,212,782.76,182.71,0.019,2.52
2026-03-25T08:00:00Z,gNB-001,Cell-A3,164,273,129,273,1355,1250,79,76,930.44,302.48,0.014,3.14
2026-03-25T08:15:00Z,gNB-001,Cell-A3,165,273,133,273,1319,1258,208,190,882.55,253.06,0.019,2.75
2026-03-25T08:30:00Z,gNB-001,Cell-A3,146,273,120,273,952,899,223,206,902.02,200.07,0.018,4.0
2026-03-25T08:00:00Z,gNB-002,Cell-B1,158,273,138,273,945,875,89,76,687.63,251.78,0.016,2.79
2026-03-25T08:15:00Z,gNB-002,Cell-B1,161,273,126,273,1364,1349,193,170,591.9,162.34,0.016,2.84
2026-03-25T08:30:00Z,gNB-002,Cell-B1,143,273,125,273,1356,1290,173,164,686.47,241.81,0.016,3.89
2026-03-25T08:00:00Z,gNB-002,Cell-B2,191,273,124,273,1132,1116,112,97,623.19,134.67,0.011,2.95
2026-03-25T08:15:00Z,gNB-002,Cell-B2,177,273,127,273,1649,1611,85,75,716.64,150.6,0.017,2.95
2026-03-25T08:30:00Z,gNB-002,Cell-B2,175,273,138,273,1688,1571,240,214,604.8,185.95,0.016,3.62
2026-03-25T08:00:00Z,gNB-002,Cell-B3,237,273,183,273,1083,1067,76,66,636.48,236.67,0.05,4.13
2026-03-25T08:15:00Z,gNB-002,Cell-B3,219,273,150,273,1355,1311,138,120,655.0,246.93,0.039,6.41
2026-03-25T08:30:00Z,gNB-002,Cell-B3,209,273,142,273,1190,1109,34,32,638.02,187.92,0.039,6.82
2026-03-25T08:30:00Z,gNB-001,Cell-A1,147,273,125,273,841,820,175,159,451.74,108.25,0.015,3.45
2026-03-25T08:45:00Z,gNB-001,Cell-A1,156,273,104,273,1182,1092,146,125,482.13,107.15,0.015,2.16
2026-03-25T09:00:00Z,gNB-001,Cell-A1,164,273,134,273,1512,1485,238,212,487.94,153.57,0.016,2.63
2026-03-25T08:30:00Z,gNB-001,Cell-A2,106,273,80,273,992,978,94,84,750.67,215.25,0.019,2.88
2026-03-25T08:45:00Z,gNB-001,Cell-A2,117,273,78,273,1451,1411,32,27,732.22,171.26,0.011,2.11
2026-03-25T09:00:00Z,gNB-001,Cell-A2,108,273,92,273,1663,1644,163,152,792.07,226.54,0.016,2.57
2026-03-25T08:30:00Z,gNB-001,Cell-A3,211,273,139,273,1075,1050,142,128,435.86,135.84,0.028,5.12
2026-03-25T08:45:00Z,gNB-001,Cell-A3,187,273,138,273,790,777,86,77,484.99,156.27,0.013,3.82
2026-03-25T09:00:00Z,gNB-001,Cell-A3,187,273,161,273,1382,1292,109,103,509.71,147.72,0.015,2.54
2026-03-25T08:30:00Z,gNB-002,Cell-B1,195,273,166,273,895,879,80,71,717.64,260.43,0.029,5.93
2026-03-25T08:45:00Z,gNB-002,Cell-B1,188,273,124,273,1236,1186,131,119,634.87,173.75,0.014,2.33
2026-03-25T09:00:00Z,gNB-002,Cell-B1,179,273,131,273,1244,1231,46,42,676.62,202.83,0.017,2.21
2026-03-25T08:30:00Z,gNB-002,Cell-B2,121,273,89,273,1239,1199,230,215,438.2,159.12,0.014,2.96
2026-03-25T08:45:00Z,gNB-002,Cell-B2,119,273,82,273,1454,1430,61,54,435.45,88.46,0.011,3.54
2026-03-25T09:00:00Z,gNB-002,Cell-B2,107,273,91,273,1536,1442,82,77,405.8,91.33,0.011,3.97
2026-03-25T08:30:00Z,gNB-002,Cell-B3,150,273,103,273,1272,1196,210,185,523.33,146.62,0.016,3.33
2026-03-25T08:45:00Z,gNB-002,Cell-B3,144,273,94,273,1747,1610,180,173,559.5,122.09,0.01,2.37
2026-03-25T09:00:00Z,gNB-002,Cell-B3,150,273,113,273,910,878,228,200,544.25,186.77,0.017,3.66
2026-03-25T09:00:00Z,gNB-001,Cell-A1,174,273,133,273,970,950,183,170,483.65,107.75,0.017,3.0
2026-03-25T09:15:00Z,gNB-001,Cell-A1,173,273,155,273,1271,1172,238,209,433.21,129.91,0.014,3.57
2026-03-25T09:30:00Z,gNB-001,Cell-A1,157,273,107,273,1191,1154,52,48,423.09,99.09,0.015,2.58
2026-03-25T09:00:00Z,gNB-001,Cell-A2,184,273,162,273,757,749,208,182,415.45,103.77,0.014,2.99
2026-03-25T09:15:00Z,gNB-001,Cell-A2,202,273,127,273,905,853,158,147,420.28,148.47,0.047,4.24
2026-03-25T09:30:00Z,gNB-001,Cell-A2,194,273,159,273,1238,1198,142,135,461.09,99.97,0.028,4.28
2026-03-25T09:00:00Z,gNB-001,Cell-A3,195,273,146,273,1448,1350,234,218,552.23,176.54,0.028,6.69
2026-03-25T09:15:00Z,gNB-001,Cell-A3,209,273,140,273,1845,1720,198,170,531.76,121.71,0.034,5.31
2026-03-25T09:30:00Z,gNB-001,Cell-A3,185,273,135,273,1565,1490,224,195,623.41,247.34,0.013,3.57
2026-03-25T09:00:00Z,gNB-002,Cell-B1,172,273,127,273,1783,1712,183,173,704.12,165.52,0.017,2.32
2026-03-25T09:15:00Z,gNB-002,Cell-B1,163,273,107,273,1215,1128,186,169,643.3,257.06,0.019,3.62
2026-03-25T09:30:00Z,gNB-002,Cell-B1,166,273,113,273,1130,1055,249,229,650.04,207.82,0.018,3.47
2026-03-25T09:00:00Z,gNB-002,Cell-B2,226,273,143,273,1318,1231,243,210,873.39,182.88,0.032,7.35
2026-03-25T09:15:00Z,gNB-002,Cell-B2,232,273,206,273,1474,1381,98,85,855.18,229.39,0.034,4.14
2026-03-25T09:30:00Z,gNB-002,Cell-B2,195,273,172,273,1189,1111,32,29,893.79,334.28,0.042,6.76
2026-03-25T09:00:00Z,gNB-002,Cell-B3,243,273,193,273,786,723,181,169,727.52,174.14,0.028,7.28
2026-03-25T09:15:00Z,gNB-002,Cell-B3,246,273,149,273,1249,1214,81,78,664.84,152.44,0.05,10.96
2026-03-25T09:30:00Z,gNB-002,Cell-B3,224,273,139,273,1238,1161,166,142,725.91,202.94,0.049,5.01
2026-03-25T09:30:00Z,gNB-001,Cell-A1,186,273,145,273,1220,1174,132,118,627.83,202.98,0.012,2.93
2026-03-25T09:45:00Z,gNB-001,Cell-A1,181,273,113,273,1720,1645,56,47,561.24,193.73,0.014,2.28
2026-03-25T10:00:00Z,gNB-001,Cell-A1,199,273,173,273,867,845,139,131,609.48,198.38,0.047,5.17
2026-03-25T09:30:00Z,gNB-001,Cell-A2,250,273,169,273,1367,1277,55,47,582.39,190.36,0.075,11.42
2026-03-25T09:45:00Z,gNB-001,Cell-A2,213,273,134,273,946,931,61,56,617.38,226.37,0.025,7.29
2026-03-25T10:00:00Z,gNB-001,Cell-A2,219,273,142,273,1527,1508,250,235,678.94,232.23,0.033,6.28
2026-03-25T09:30:00Z,gNB-001,Cell-A3,195,273,121,273,1022,950,51,43,607.19,216.1,0.046,6.45
2026-03-25T09:45:00Z,gNB-001,Cell-A3,213,273,148,273,1362,1263,196,184,567.51,209.02,0.028,4.61
2026-03-25T10:00:00Z,gNB-001,Cell-A3,226,273,156,273,1367,1270,45,38,605.79,240.08,0.029,5.13
2026-03-25T09:30:00Z,gNB-002,Cell-B1,160,273,128,273,1215,1137,30,28,660.35,176.76,0.019,2.18
2026-03-25T09:45:00Z,gNB-002,Cell-B1,138,273,109,273,1174,1088,250,224,621.26,203.97,0.01,3.11
2026-03-25T10:00:00Z,gNB-002,Cell-B1,152,273,132,273,1420,1328,183,167,751.79,182.41,0.015,3.15
2026-03-25T09:30:00Z,gNB-002,Cell-B2,135,273,92,273,1661,1609,236,223,632.26,186.95,0.01,3.07
2026-03-25T09:45:00Z,gNB-002,Cell-B2,145,273,95,273,938,917,245,226,650.85,160.09,0.016,2.59
2026-03-25T10:00:00Z,gNB-002,Cell-B2,139,273,104,273,1322,1288,171,158,674.49,253.16,0.01,2.18
2026-03-25T09:30:00Z,gNB-002,Cell-B3,239,273,170,273,979,928,216,194,721.66,262.56,0.028,4.72
2026-03-25T09:45:00Z,gNB-002,Cell-B3,243,273,173,273,1582,1460,160,154,779.1,211.03,0.026,7.23
2026-03-25T10:00:00Z,gNB-002,Cell-B3,231,273,205,273,1293,1209,213,189,834.48,178.63,0.028,4.04
2026-03-25T10:00:00Z,gNB-001,Cell-A1,168,273,148,273,1262,1220,67,59,602.2,124.67,0.016,3.95
2026-03-25T10:15:00Z,gNB-001,Cell-A1,172,273,144,273,981,967,149,136,606.75,144.49,0.011,3.95
2026-03-25T10:30:00Z,gNB-001,Cell-A1,147,273,92,273,853,791,68,65,543.84,194.04,0.015,2.43
2026-03-25T10:00:00Z,gNB-001,Cell-A2,234,273,207,273,1127,1095,133,125,740.39,235.57,0.045,4.32
2026-03-25T10:15:00Z,gNB-001,Cell-A2,214,273,158,273,869,812,67,62,828.56,270.93,0.022,4.69
2026-03-25T10:30:00Z,gNB-001,Cell-A2,203,273,136,273,1216,1125,124,114,834.24,274.1,0.046,7.22
2026-03-25T10:00:00Z,gNB-001,Cell-A3,251,273,165,273,1146,1116,145,127,645.17,184.47,0.082,9.88
2026-03-25T10:15:00Z,gNB-001,Cell-A3,260,273,187,273,1458,1416,209,191,610.3,200.7,0.085,8.67
2026-03-25T10:30:00Z,gNB-001,Cell-A3,221,273,141,273,1029,1007,57,48,615.77,180.94,0.024,7.14
2026-03-25T10:00:00Z,gNB-002,Cell-B1,240,273,180,273,1217,1202,233,213,825.16,189.83,0.025,5.85
2026-03-25T10:15:00Z,gNB-002,Cell-B1,247,273,197,273,1626,1511,94,88,912.36,279.27,0.078,10.9
2026-03-25T10:30:00Z,gNB-002,Cell-B1,252,273,179,273,1415,1399,80,69,901.83,359.82,0.05,11.33
2026-03-25T10:00:00Z,gNB-002,Cell-B2,222,273,143,273,1014,940,228,198,810.2,303.7,0.04,6.2
2026-03-25T10:15:00Z,gNB-002,Cell-B2,202,273,141,273,1018,987,72,67,723.5,278.37,0.041,6.6
2026-03-25T10:30:00Z,gNB-002,Cell-B2,204,273,162,273,1382,1350,58,50,677.6,189.01,0.041,6.92
2026-03-25T10:00:00Z,gNB-002,Cell-B3,128,273,79,273,1456,1352,75,69,661.65,193.18,0.019,3.92
2026-03-25T10:15:00Z,gNB-002,Cell-B3,133,273,110,273,1149,1059,95,85,573.64,155.23,0.018,3.6
2026-03-25T10:30:00Z,gNB-002,Cell-B3,139,273,113,273,970,951,52,48,675.02,260.89,0.02,3.61
2026-03-25T10:30:00Z,gNB-001,Cell-A1,253,273,189,273,1137,1091,216,202,489.42,152.74,0.077,9.41
2026-03-25T10:45:00Z,gNB-001,Cell-A1,264,273,219,273,807,784,151,131,488.88,109.95,0.097,10.97
2026-03-25T11:00:00Z,gNB-001,Cell-A1,252,273,176,273,1832,1765,166,156,480.17,96.37,0.058,8.66
2026-03-25T10:30:00Z,gNB-001,Cell-A2,154,273,127,273,820,808,118,103,787.49,304.42,0.015,3.83
2026-03-25T10:45:00Z,gNB-001,Cell-A2,168,273,118,273,1709,1645,101,90,804.66,315.32,0.018,2.75
2026-03-25T11:00:00Z,gNB-001,Cell-A2,145,273,123,273,1047,1026,119,115,674.37,198.07,0.018,3.48
2026-03-25T10:30:00Z,gNB-001,Cell-A3,161,273,137,273,997,965,250,228,842.17,261.36,0.013,3.09
2026-03-25T10:45:00Z,gNB-001,Cell-A3,176,273,130,273,1193,1179,51,46,848.78,243.19,0.017,2.73
2026-03-25T11:00:00Z,gNB-001,Cell-A3,152,273,105,273,1386,1276,191,170,823.23,321.65,0.012,3.07
2026-03-25T10:30:00Z,gNB-002,Cell-B1,207,273,157,273,832,765,224,193,544.5,119.95,0.023,4.74
2026-03-25T10:45:00Z,gNB-002,Cell-B1,192,273,135,273,964,943,108,104,501.09,104.8,0.021,7.48
2026-03-25T11:00:00Z,gNB-002,Cell-B1,195,273,167,273,1659,1527,98,90,509.52,164.34,0.021,4.39
2026-03-25T10:30:00Z,gNB-002,Cell-B2,112,273,85,273,1232,1146,85,75,910.68,338.13,0.019,3.34
2026-03-25T10:45:00Z,gNB-002,Cell-B2,114,273,90,273,1775,1732,203,188,852.35,284.88,0.015,3.52
2026-03-25T11:00:00Z,gNB-002,Cell-B2,106,273,76,273,1084,1060,141,131,825.94,195.72,0.019,2.78
2026-03-25T10:30:00Z,gNB-002,Cell-B3,148,273,92,273,955,885,58,53,542.7,166.57,0.016,2.77
2026-03-25T10:45:00Z,gNB-002,Cell-B3,167,273,125,273,1440,1383,130,118,560.7,132.11,0.015,3.51
2026-03-25T11:00:00Z,gNB-002,Cell-B3,164,273,105,273,1014,978,118,106,578.81,132.61,0.017,3.9
2026-03-25T11:00:00Z,gNB-001,Cell-A1,219,273,177,273,1539,1476,45,41,719.11,282.03,0.025,7.71
2026-03-25T11:15:00Z,gNB-001,Cell-A1,208,273,182,273,1686,1581,181,165,718.49,274.17,0.047,5.03
2026-03-25T11:30:00Z,gNB-001,Cell-A1,202,273,165,273,1296,1274,175,158,739.97,293.02,0.021,4.17
2026-03-25T11:00:00Z,gNB-001,Cell-A2,152,273,125,273,1059,1008,167,151,882.72,265.93,0.011,3.19
2026-03-25T11:15:00Z,gNB-001,Cell-A2,138,273,95,273,821,779,93,80,944.01,197.97,0.019,3.41
2026-03-25T11:30:00Z,gNB-001,Cell-A2,150,273,107,273,1188,1148,233,200,850.22,236.16,0.019,2.34
2026-03-25T11:00:00Z,gNB-001,Cell-A3,185,273,143,273,1473,1444,57,54,803.38,266.38,0.011,3.4
2026-03-25T11:15:00Z,gNB-001,Cell-A3,220,273,172,273,1204,1120,85,74,775.03,213.08,0.032,6.28
2026-03-25T11:30:00Z,gNB-001,Cell-A3,220,273,145,273,1768,1724,34,31,831.24,172.17,0.048,4.61
2026-03-25T11:00:00Z,gNB-002,Cell-B1,227,273,201,273,893,877,43,41,752.83,234.77,0.048,7.12
2026-03-25T11:15:00Z,gNB-002,Cell-B1,240,273,168,273,993,971,91,79,691.48,238.97,0.047,7.39
2026-03-25T11:30:00Z,gNB-002,Cell-B1,226,273,145,273,1478,1418,244,211,752.91,273.95,0.031,6.58
2026-03-25T11:00:00Z,gNB-002,Cell-B2,115,273,102,273,1625,1504,211,191,687.79,230.53,0.018,3.79
2026-03-25T11:15:00Z,gNB-002,Cell-B2,118,273,95,273,1270,1201,180,161,724.5,238.8,0.019,2.45
2026-03-25T11:30:00Z,gNB-002,Cell-B2,128,273,106,273,1704,1647,187,180,657.82,232.03,0.019,2.53
2026-03-25T11:00:00Z,gNB-002,Cell-B3,244,273,207,273,891,849,162,155,754.51,266.3,0.044,4.38
2026-03-25T11:15:00Z,gNB-002,Cell-B3,248,273,197,273,1247,1223,39,35,766.57,221.85,0.06,10.03
2026-03-25T11:30:00Z,gNB-002,Cell-B3,252,273,219,273,1586,1497,99,87,784.83,289.71,0.085,11.21
2026-03-25T11:30:00Z,gNB-001,Cell-A1,106,273,74,273,815,762,50,47,498.32,109.32,0.011,3.15
2026-03-25T11:45:00Z,gNB-001,Cell-A1,118,273,94,273,1166,1122,133,128,476.42,126.62,0.011,2.46
2026-03-25T12:00:00Z,gNB-001,Cell-A1,100,273,82,273,1414,1397,80,72,447.68,139.72,0.014,3.3
2026-03-25T11:30:00Z,gNB-001,Cell-A2,209,273,127,273,1072,1037,191,162,426.06,168.53,0.03,7.95
2026-03-25T11:45:00Z,gNB-001,Cell-A2,213,273,131,273,1574,1461,171,160,444.92,133.23,0.021,5.86
2026-03-25T12:00:00Z,gNB-001,Cell-A2,247,273,183,273,806,764,184,173,415.41,117.62,0.098,10.92
2026-03-25T11:30:00Z,gNB-001,Cell-A3,230,273,179,273,1404,1293,186,172,409.49,147.38,0.037,6.99
2026-03-25T11:45:00Z,gNB-001,Cell-A3,271,273,179,273,1599,1490,172,151,374.12,149.24,0.096,8.87
2026-03-25T12:00:00Z,gNB-001,Cell-A3,225,273,188,273,909,844,73,66,396.73,103.18,0.022,4.67
2026-03-25T11:30:00Z,gNB-002,Cell-B1,127,273,96,273,998,944,43,38,573.04,216.43,0.011,2.19
